year,month,date,arrivals,source_article_id,source_year_month_count,source_title,source_published,source_page_url,source_file_url,source_local_file,source_sha256,parse_note,source_yoy_base_arrivals,mom_pct,yoy_pct,yoy_base_arrivals,yoy_basis,month_name,missing_reporting_days,data_quality_note
2013,1,2013-01-01,2318447,1889,12,สถิตินักท่องเที่ยวชาวต่างชาติที่เดินทางเข้าประเทศไทย ( International Tourist Arrivals to Thailand 2013),2017-12-04T00:00:00.000Z,https://www.mots.go.th/news/category/475,https://www.mots.go.th/download/article/article_20171204160356.xlsx,work\cache\source_files\2013_475_1889_สถ_ต_น_กท_องเท_ยวชาวต_างชาต_ท_เด_นทางเข_าประเทศไทย_Internati.xlsx,cd38fe52a8c7987adc35527bc825f32ad28eaafcad5e5f612f7529024caa0dc3,monthly_sheets; Dec:total_row=68; Nov:total_row=68; Oct:total_row=68; Sep:total_row=68,,,,,same month previous year,Jan,,
2013,2,2013-02-01,2367257,1889,12,สถิตินักท่องเที่ยวชาวต่างชาติที่เดินทางเข้าประเทศไทย ( International Tourist Arrivals to Thailand 2013),2017-12-04T00:00:00.000Z,https://www.mots.go.th/news/category/475,https://www.mots.go.th/download/article/article_20171204160356.xlsx,work\cache\source_files\2013_475_1889_สถ_ต_น_กท_องเท_ยวชาวต_างชาต_ท_เด_นทางเข_าประเทศไทย_Internati.xlsx,cd38fe52a8c7987adc35527bc825f32ad28eaafcad5e5f612f7529024caa0dc3,monthly_sheets; Dec:total_row=68; Nov:total_row=68; Oct:total_row=68; Sep:total_row=68,,2.105288583262843,,,same month previous year,Feb,,
2013,3,2013-03-01,2322200,1889,12,สถิตินักท่องเที่ยวชาวต่างชาติที่เดินทางเข้าประเทศไทย ( International Tourist Arrivals to Thailand 2013),2017-12-04T00:00:00.000Z,https://www.mots.go.th/news/category/475,https://www.mots.go.th/download/article/article_20171204160356.xlsx,work\cache\source_files\2013_475_1889_สถ_ต_น_กท_องเท_ยวชาวต_างชาต_ท_เด_นทางเข_าประเทศไทย_Internati.xlsx,cd38fe52a8c7987adc35527bc825f32ad28eaafcad5e5f612f7529024caa0dc3,monthly_sheets; Dec:total_row=68; Nov:total_row=68; Oct:total_row=68; Sep:total_row=68,,-1.9033421381793314,,,same month previous year,Mar,,
2013,4,2013-04-01,2057855,1889,12,สถิตินักท่องเที่ยวชาวต่างชาติที่เดินทางเข้าประเทศไทย ( International Tourist Arrivals to Thailand 2013),2017-12-04T00:00:00.000Z,https://www.mots.go.th/news/category/475,https://www.mots.go.th/download/article/article_20171204160356.xlsx,work\cache\source_files\2013_475_1889_สถ_ต_น_กท_องเท_ยวชาวต_างชาต_ท_เด_นทางเข_าประเทศไทย_Internati.xlsx,cd38fe52a8c7987adc35527bc825f32ad28eaafcad5e5f612f7529024caa0dc3,monthly_sheets; Dec:total_row=68; Nov:total_row=68; Oct:total_row=68; Sep:total_row=68,,-11.383386443889421,,,same month previous year,Apr,,
2013,5,2013-05-01,1943968,1889,12,สถิตินักท่องเที่ยวชาวต่างชาติที่เดินทางเข้าประเทศไทย ( International Tourist Arrivals to Thailand 2013),2017-12-04T00:00:00.000Z,https://www.mots.go.th/news/category/475,https://www.mots.go.th/download/article/article_20171204160356.xlsx,work\cache\source_files\2013_475_1889_สถ_ต_น_กท_องเท_ยวชาวต_างชาต_ท_เด_นทางเข_าประเทศไทย_Internati.xlsx,cd38fe52a8c7987adc35527bc825f32ad28eaafcad5e5f612f7529024caa0dc3,monthly_sheets; Dec:total_row=68; Nov:total_row=68; Oct:total_row=68; Sep:total_row=68,,-5.534257758685623,,,same month previous year,May,,
2013,6,2013-06-01,2061782,1889,12,สถิตินักท่องเที่ยวชาวต่างชาติที่เดินทางเข้าประเทศไทย ( International Tourist Arrivals to Thailand 2013),2017-12-04T00:00:00.000Z,https://www.mots.go.th/news/category/475,https://www.mots.go.th/download/article/article_20171204160356.xlsx,work\cache\source_files\2013_475_1889_สถ_ต_น_กท_องเท_ยวชาวต_างชาต_ท_เด_นทางเข_าประเทศไทย_Internati.xlsx,cd38fe52a8c7987adc35527bc825f32ad28eaafcad5e5f612f7529024caa0dc3,monthly_sheets; Dec:total_row=68; Nov:total_row=68; Oct:total_row=68; Sep:total_row=68,,6.060490707665966,,,same month previous year,Jun,,
2013,7,2013-07-01,2149173,1889,12,สถิตินักท่องเที่ยวชาวต่างชาติที่เดินทางเข้าประเทศไทย ( International Tourist Arrivals to Thailand 2013),2017-12-04T00:00:00.000Z,https://www.mots.go.th/news/category/475,https://www.mots.go.th/download/article/article_20171204160356.xlsx,work\cache\source_files\2013_475_1889_สถ_ต_น_กท_องเท_ยวชาวต_างชาต_ท_เด_นทางเข_าประเทศไทย_Internati.xlsx,cd38fe52a8c7987adc35527bc825f32ad28eaafcad5e5f612f7529024caa0dc3,monthly_sheets; Dec:total_row=68; Nov:total_row=68; Oct:total_row=68; Sep:total_row=68,,4.238614945712005,,,same month previous year,Jul,,
2013,8,2013-08-01,2355660,1889,12,สถิตินักท่องเที่ยวชาวต่างชาติที่เดินทางเข้าประเทศไทย ( International Tourist Arrivals to Thailand 2013),2017-12-04T00:00:00.000Z,https://www.mots.go.th/news/category/475,https://www.mots.go.th/download/article/article_20171204160356.xlsx,work\cache\source_files\2013_475_1889_สถ_ต_น_กท_องเท_ยวชาวต_างชาต_ท_เด_นทางเข_าประเทศไทย_Internati.xlsx,cd38fe52a8c7987adc35527bc825f32ad28eaafcad5e5f612f7529024caa0dc3,monthly_sheets; Dec:total_row=68; Nov:total_row=68; Oct:total_row=68; Sep:total_row=68,,9.607742140814167,,,same month previous year,Aug,,
2013,9,2013-09-01,1995343,1889,12,สถิตินักท่องเที่ยวชาวต่างชาติที่เดินทางเข้าประเทศไทย ( International Tourist Arrivals to Thailand 2013),2017-12-04T00:00:00.000Z,https://www.mots.go.th/news/category/475,https://www.mots.go.th/download/article/article_20171204160356.xlsx,work\cache\source_files\2013_475_1889_สถ_ต_น_กท_องเท_ยวชาวต_างชาต_ท_เด_นทางเข_าประเทศไทย_Internati.xlsx,cd38fe52a8c7987adc35527bc825f32ad28eaafcad5e5f612f7529024caa0dc3,monthly_sheets; Dec:total_row=68; Nov:total_row=68; Oct:total_row=68; Sep:total_row=68,,-15.295798205173917,,,same month previous year,Sep,,
2013,10,2013-10-01,2054548,1889,12,สถิตินักท่องเที่ยวชาวต่างชาติที่เดินทางเข้าประเทศไทย ( International Tourist Arrivals to Thailand 2013),2017-12-04T00:00:00.000Z,https://www.mots.go.th/news/category/475,https://www.mots.go.th/download/article/article_20171204160356.xlsx,work\cache\source_files\2013_475_1889_สถ_ต_น_กท_องเท_ยวชาวต_างชาต_ท_เด_นทางเข_าประเทศไทย_Internati.xlsx,cd38fe52a8c7987adc35527bc825f32ad28eaafcad5e5f612f7529024caa0dc3,monthly_sheets; Dec:total_row=68; Nov:total_row=68; Oct:total_row=68; Sep:total_row=68,,2.967159029800892,,,same month previous year,Oct,,
2013,11,2013-11-01,2378112,1889,12,สถิตินักท่องเที่ยวชาวต่างชาติที่เดินทางเข้าประเทศไทย ( International Tourist Arrivals to Thailand 2013),2017-12-04T00:00:00.000Z,https://www.mots.go.th/news/category/475,https://www.mots.go.th/download/article/article_20171204160356.xlsx,work\cache\source_files\2013_475_1889_สถ_ต_น_กท_องเท_ยวชาวต_างชาต_ท_เด_นทางเข_าประเทศไทย_Internati.xlsx,cd38fe52a8c7987adc35527bc825f32ad28eaafcad5e5f612f7529024caa0dc3,monthly_sheets; Dec:total_row=68; Nov:total_row=68; Oct:total_row=68; Sep:total_row=68,,15.74867075385924,,,same month previous year,Nov,,
2013,12,2013-12-01,2542380,1889,12,สถิตินักท่องเที่ยวชาวต่างชาติที่เดินทางเข้าประเทศไทย ( International Tourist Arrivals to Thailand 2013),2017-12-04T00:00:00.000Z,https://www.mots.go.th/news/category/475,https://www.mots.go.th/download/article/article_20171204160356.xlsx,work\cache\source_files\2013_475_1889_สถ_ต_น_กท_องเท_ยวชาวต_างชาต_ท_เด_นทางเข_าประเทศไทย_Internati.xlsx,cd38fe52a8c7987adc35527bc825f32ad28eaafcad5e5f612f7529024caa0dc3,monthly_sheets; Dec:total_row=68; Nov:total_row=68; Oct:total_row=68; Sep:total_row=68,,6.907496366865806,,,same month previous year,Dec,,
2014,1,2014-01-01,2282568,1891,12,สถิตินักท่องเที่ยวชาวต่างชาติที่เดินทางเข้าประเทศไทย (International Tourist Arrivals to Thailand),2017-12-06T00:00:00.000Z,https://www.mots.go.th/news/category/476,https://www.mots.go.th/download/article/article_20171206120212.xlsx,work\cache\source_files\2014_476_1891_สถ_ต_น_กท_องเท_ยวชาวต_างชาต_ท_เด_นทางเข_าประเทศไทย_Internati.xlsx,7106404323ffda5fa620bb3b177607d871f94251f22d30d8c72223d21e19fc66,monthly_sheets; ม.ค.:total_row=68; ก.พ.:total_row=68; มี.ค.:total_row=68; เม.ย.:total_row=68,,-10.219243386118515,-1.5475445416694877,2318447,same month previous year,Jan,,
2014,2,2014-02-01,2075304,1891,12,สถิตินักท่องเที่ยวชาวต่างชาติที่เดินทางเข้าประเทศไทย (International Tourist Arrivals to Thailand),2017-12-06T00:00:00.000Z,https://www.mots.go.th/news/category/476,https://www.mots.go.th/download/article/article_20171206120212.xlsx,work\cache\source_files\2014_476_1891_สถ_ต_น_กท_องเท_ยวชาวต_างชาต_ท_เด_นทางเข_าประเทศไทย_Internati.xlsx,7106404323ffda5fa620bb3b177607d871f94251f22d30d8c72223d21e19fc66,monthly_sheets; ม.ค.:total_row=68; ก.พ.:total_row=68; มี.ค.:total_row=68; เม.ย.:total_row=68,,-9.080299031617024,-12.33296596018092,2367257,same month previous year,Feb,,
2014,3,2014-03-01,2018008,1891,12,สถิตินักท่องเที่ยวชาวต่างชาติที่เดินทางเข้าประเทศไทย (International Tourist Arrivals to Thailand),2017-12-06T00:00:00.000Z,https://www.mots.go.th/news/category/476,https://www.mots.go.th/download/article/article_20171206120212.xlsx,work\cache\source_files\2014_476_1891_สถ_ต_น_กท_องเท_ยวชาวต_างชาต_ท_เด_นทางเข_าประเทศไทย_Internati.xlsx,7106404323ffda5fa620bb3b177607d871f94251f22d30d8c72223d21e19fc66,monthly_sheets; ม.ค.:total_row=68; ก.พ.:total_row=68; มี.ค.:total_row=68; เม.ย.:total_row=68,,-2.760848531106763,-13.099302385668764,2322200,same month previous year,Mar,,
2014,4,2014-04-01,1934841,1891,12,สถิตินักท่องเที่ยวชาวต่างชาติที่เดินทางเข้าประเทศไทย (International Tourist Arrivals to Thailand),2017-12-06T00:00:00.000Z,https://www.mots.go.th/news/category/476,https://www.mots.go.th/download/article/article_20171206120212.xlsx,work\cache\source_files\2014_476_1891_สถ_ต_น_กท_องเท_ยวชาวต_างชาต_ท_เด_นทางเข_าประเทศไทย_Internati.xlsx,7106404323ffda5fa620bb3b177607d871f94251f22d30d8c72223d21e19fc66,monthly_sheets; ม.ค.:total_row=68; ก.พ.:total_row=68; มี.ค.:total_row=68; เม.ย.:total_row=68,,-4.121242334024444,-5.977777831771435,2057855,same month previous year,Apr,,
2014,5,2014-05-01,1670860,1891,12,สถิตินักท่องเที่ยวชาวต่างชาติที่เดินทางเข้าประเทศไทย (International Tourist Arrivals to Thailand),2017-12-06T00:00:00.000Z,https://www.mots.go.th/news/category/476,https://www.mots.go.th/download/article/article_20171206120212.xlsx,work\cache\source_files\2014_476_1891_สถ_ต_น_กท_องเท_ยวชาวต_างชาต_ท_เด_นทางเข_าประเทศไทย_Internati.xlsx,7106404323ffda5fa620bb3b177607d871f94251f22d30d8c72223d21e19fc66,monthly_sheets; ม.ค.:total_row=68; ก.พ.:total_row=68; มี.ค.:total_row=68; เม.ย.:total_row=68,,-13.643550038478613,-14.04899669130356,1943968,same month previous year,May,,
2014,6,2014-06-01,1491300,1891,12,สถิตินักท่องเที่ยวชาวต่างชาติที่เดินทางเข้าประเทศไทย (International Tourist Arrivals to Thailand),2017-12-06T00:00:00.000Z,https://www.mots.go.th/news/category/476,https://www.mots.go.th/download/article/article_20171206120212.xlsx,work\cache\source_files\2014_476_1891_สถ_ต_น_กท_องเท_ยวชาวต_างชาต_ท_เด_นทางเข_าประเทศไทย_Internati.xlsx,7106404323ffda5fa620bb3b177607d871f94251f22d30d8c72223d21e19fc66,monthly_sheets; ม.ค.:total_row=68; ก.พ.:total_row=68; มี.ค.:total_row=68; เม.ย.:total_row=68,,-10.746561650886367,-27.66936562643383,2061782,same month previous year,Jun,,
2014,7,2014-07-01,1896098,1891,12,สถิตินักท่องเที่ยวชาวต่างชาติที่เดินทางเข้าประเทศไทย (International Tourist Arrivals to Thailand),2017-12-06T00:00:00.000Z,https://www.mots.go.th/news/category/476,https://www.mots.go.th/download/article/article_20171206120212.xlsx,work\cache\source_files\2014_476_1891_สถ_ต_น_กท_องเท_ยวชาวต_างชาต_ท_เด_นทางเข_าประเทศไทย_Internati.xlsx,7106404323ffda5fa620bb3b177607d871f94251f22d30d8c72223d21e19fc66,monthly_sheets; ม.ค.:total_row=68; ก.พ.:total_row=68; มี.ค.:total_row=68; เม.ย.:total_row=68,,27.14396834976196,-11.775459676815226,2149173,same month previous year,Jul,,
2014,8,2014-08-01,2084839,1891,12,สถิตินักท่องเที่ยวชาวต่างชาติที่เดินทางเข้าประเทศไทย (International Tourist Arrivals to Thailand),2017-12-06T00:00:00.000Z,https://www.mots.go.th/news/category/476,https://www.mots.go.th/download/article/article_20171206120212.xlsx,work\cache\source_files\2014_476_1891_สถ_ต_น_กท_องเท_ยวชาวต_างชาต_ท_เด_นทางเข_าประเทศไทย_Internati.xlsx,7106404323ffda5fa620bb3b177607d871f94251f22d30d8c72223d21e19fc66,monthly_sheets; ม.ค.:total_row=68; ก.พ.:total_row=68; มี.ค.:total_row=68; เม.ย.:total_row=68,,9.954179583544743,-11.496608169260425,2355660,same month previous year,Aug,,
2014,9,2014-09-01,1869491,1891,12,สถิตินักท่องเที่ยวชาวต่างชาติที่เดินทางเข้าประเทศไทย (International Tourist Arrivals to Thailand),2017-12-06T00:00:00.000Z,https://www.mots.go.th/news/category/476,https://www.mots.go.th/download/article/article_20171206120212.xlsx,work\cache\source_files\2014_476_1891_สถ_ต_น_กท_องเท_ยวชาวต_างชาต_ท_เด_นทางเข_าประเทศไทย_Internati.xlsx,7106404323ffda5fa620bb3b177607d871f94251f22d30d8c72223d21e19fc66,monthly_sheets; ม.ค.:total_row=68; ก.พ.:total_row=68; มี.ค.:total_row=68; เม.ย.:total_row=68,,-10.329238852496525,-6.307286516654031,1995343,same month previous year,Sep,,
2014,10,2014-10-01,2207775,1891,12,สถิตินักท่องเที่ยวชาวต่างชาติที่เดินทางเข้าประเทศไทย (International Tourist Arrivals to Thailand),2017-12-06T00:00:00.000Z,https://www.mots.go.th/news/category/476,https://www.mots.go.th/download/article/article_20171206120212.xlsx,work\cache\source_files\2014_476_1891_สถ_ต_น_กท_องเท_ยวชาวต_างชาต_ท_เด_นทางเข_าประเทศไทย_Internati.xlsx,7106404323ffda5fa620bb3b177607d871f94251f22d30d8c72223d21e19fc66,monthly_sheets; ม.ค.:total_row=68; ก.พ.:total_row=68; มี.ค.:total_row=68; เม.ย.:total_row=68,,18.094978793693038,7.457942087505387,2054548,same month previous year,Oct,,
2014,11,2014-11-01,2425123,1891,12,สถิตินักท่องเที่ยวชาวต่างชาติที่เดินทางเข้าประเทศไทย (International Tourist Arrivals to Thailand),2017-12-06T00:00:00.000Z,https://www.mots.go.th/news/category/476,https://www.mots.go.th/download/article/article_20171206120212.xlsx,work\cache\source_files\2014_476_1891_สถ_ต_น_กท_องเท_ยวชาวต_างชาต_ท_เด_นทางเข_าประเทศไทย_Internati.xlsx,7106404323ffda5fa620bb3b177607d871f94251f22d30d8c72223d21e19fc66,monthly_sheets; ม.ค.:total_row=68; ก.พ.:total_row=68; มี.ค.:total_row=68; เม.ย.:total_row=68,,9.84466261281154,1.9768202675063185,2378112,same month previous year,Nov,,
2014,12,2014-12-01,2853476,1891,12,สถิตินักท่องเที่ยวชาวต่างชาติที่เดินทางเข้าประเทศไทย (International Tourist Arrivals to Thailand),2017-12-06T00:00:00.000Z,https://www.mots.go.th/news/category/476,https://www.mots.go.th/download/article/article_20171206120212.xlsx,work\cache\source_files\2014_476_1891_สถ_ต_น_กท_องเท_ยวชาวต_างชาต_ท_เด_นทางเข_าประเทศไทย_Internati.xlsx,7106404323ffda5fa620bb3b177607d871f94251f22d30d8c72223d21e19fc66,monthly_sheets; ม.ค.:total_row=68; ก.พ.:total_row=68; มี.ค.:total_row=68; เม.ย.:total_row=68,,17.663145333247023,12.236408404723132,2542380,same month previous year,Dec,,
2015,1,2015-01-01,2613699,900001,12,data.go.th / MOTS: trend_inbound_tourists monthly country-level CSV,2024-04-02T00:00:00+00:00,https://data.go.th/dataset/trend_inbound_tourists,https://ckan.mots.go.th/dataset/445c66d8-a06a-49d9-adfc-35faca6fc785/resource/faffc63c-9507-451a-80b7-554cc0787368/download/est_2024_04_01.csv,work\source_snapshots\data_go_trend_inbound_tourists_2015_2023.csv.gz,5ee8b2449523b81105d53c018bdcd4be1b98e9990ed16f481a244cf36694b862,country_month_csv; summed all countries by month; source dates are day/month/year,,-8.402979383741094,14.5069500667669,2282568,same month previous year,Jan,,
2015,2,2015-02-01,2664216,900001,12,data.go.th / MOTS: trend_inbound_tourists monthly country-level CSV,2024-04-02T00:00:00+00:00,https://data.go.th/dataset/trend_inbound_tourists,https://ckan.mots.go.th/dataset/445c66d8-a06a-49d9-adfc-35faca6fc785/resource/faffc63c-9507-451a-80b7-554cc0787368/download/est_2024_04_01.csv,work\source_snapshots\data_go_trend_inbound_tourists_2015_2023.csv.gz,5ee8b2449523b81105d53c018bdcd4be1b98e9990ed16f481a244cf36694b862,country_month_csv; summed all countries by month; source dates are day/month/year,,1.9327780283804774,28.37714378230851,2075304,same month previous year,Feb,,
2015,3,2015-03-01,2555362,900001,12,data.go.th / MOTS: trend_inbound_tourists monthly country-level CSV,2024-04-02T00:00:00+00:00,https://data.go.th/dataset/trend_inbound_tourists,https://ckan.mots.go.th/dataset/445c66d8-a06a-49d9-adfc-35faca6fc785/resource/faffc63c-9507-451a-80b7-554cc0787368/download/est_2024_04_01.csv,work\source_snapshots\data_go_trend_inbound_tourists_2015_2023.csv.gz,5ee8b2449523b81105d53c018bdcd4be1b98e9990ed16f481a244cf36694b862,country_month_csv; summed all countries by month; source dates are day/month/year,,-4.085779831665304,26.627942010140693,2018008,same month previous year,Mar,,
2015,4,2015-04-01,2406727,900001,12,data.go.th / MOTS: trend_inbound_tourists monthly country-level CSV,2024-04-02T00:00:00+00:00,https://data.go.th/dataset/trend_inbound_tourists,https://ckan.mots.go.th/dataset/445c66d8-a06a-49d9-adfc-35faca6fc785/resource/faffc63c-9507-451a-80b7-554cc0787368/download/est_2024_04_01.csv,work\source_snapshots\data_go_trend_inbound_tourists_2015_2023.csv.gz,5ee8b2449523b81105d53c018bdcd4be1b98e9990ed16f481a244cf36694b862,country_month_csv; summed all countries by month; source dates are day/month/year,,-5.816592717587565,24.3888774323058,1934841,same month previous year,Apr,,
2015,5,2015-05-01,2301625,900001,12,data.go.th / MOTS: trend_inbound_tourists monthly country-level CSV,2024-04-02T00:00:00+00:00,https://data.go.th/dataset/trend_inbound_tourists,https://ckan.mots.go.th/dataset/445c66d8-a06a-49d9-adfc-35faca6fc785/resource/faffc63c-9507-451a-80b7-554cc0787368/download/est_2024_04_01.csv,work\source_snapshots\data_go_trend_inbound_tourists_2015_2023.csv.gz,5ee8b2449523b81105d53c018bdcd4be1b98e9990ed16f481a244cf36694b862,country_month_csv; summed all countries by month; source dates are day/month/year,,-4.367009635908015,37.75091868857954,1670860,same month previous year,May,,
2015,6,2015-06-01,2269523,900001,12,data.go.th / MOTS: trend_inbound_tourists monthly country-level CSV,2024-04-02T00:00:00+00:00,https://data.go.th/dataset/trend_inbound_tourists,https://ckan.mots.go.th/dataset/445c66d8-a06a-49d9-adfc-35faca6fc785/resource/faffc63c-9507-451a-80b7-554cc0787368/download/est_2024_04_01.csv,work\source_snapshots\data_go_trend_inbound_tourists_2015_2023.csv.gz,5ee8b2449523b81105d53c018bdcd4be1b98e9990ed16f481a244cf36694b862,country_month_csv; summed all countries by month; source dates are day/month/year,,-1.394753706620322,52.18420170321196,1491300,same month previous year,Jun,,
2015,7,2015-07-01,2641514,900001,12,data.go.th / MOTS: trend_inbound_tourists monthly country-level CSV,2024-04-02T00:00:00+00:00,https://data.go.th/dataset/trend_inbound_tourists,https://ckan.mots.go.th/dataset/445c66d8-a06a-49d9-adfc-35faca6fc785/resource/faffc63c-9507-451a-80b7-554cc0787368/download/est_2024_04_01.csv,work\source_snapshots\data_go_trend_inbound_tourists_2015_2023.csv.gz,5ee8b2449523b81105d53c018bdcd4be1b98e9990ed16f481a244cf36694b862,country_month_csv; summed all countries by month; source dates are day/month/year,,16.39071293835752,39.31315786420322,1896098,same month previous year,Jul,,
2015,8,2015-08-01,2589652,900001,12,data.go.th / MOTS: trend_inbound_tourists monthly country-level CSV,2024-04-02T00:00:00+00:00,https://data.go.th/dataset/trend_inbound_tourists,https://ckan.mots.go.th/dataset/445c66d8-a06a-49d9-adfc-35faca6fc785/resource/faffc63c-9507-451a-80b7-554cc0787368/download/est_2024_04_01.csv,work\source_snapshots\data_go_trend_inbound_tourists_2015_2023.csv.gz,5ee8b2449523b81105d53c018bdcd4be1b98e9990ed16f481a244cf36694b862,country_month_csv; summed all countries by month; source dates are day/month/year,,-1.9633437490772288,24.213524401644438,2084839,same month previous year,Aug,,
2015,9,2015-09-01,2044658,900001,12,data.go.th / MOTS: trend_inbound_tourists monthly country-level CSV,2024-04-02T00:00:00+00:00,https://data.go.th/dataset/trend_inbound_tourists,https://ckan.mots.go.th/dataset/445c66d8-a06a-49d9-adfc-35faca6fc785/resource/faffc63c-9507-451a-80b7-554cc0787368/download/est_2024_04_01.csv,work\source_snapshots\data_go_trend_inbound_tourists_2015_2023.csv.gz,5ee8b2449523b81105d53c018bdcd4be1b98e9990ed16f481a244cf36694b862,country_month_csv; summed all countries by month; source dates are day/month/year,,-21.045067059203326,9.36976963248286,1869491,same month previous year,Sep,,
2015,10,2015-10-01,2245841,900001,12,data.go.th / MOTS: trend_inbound_tourists monthly country-level CSV,2024-04-02T00:00:00+00:00,https://data.go.th/dataset/trend_inbound_tourists,https://ckan.mots.go.th/dataset/445c66d8-a06a-49d9-adfc-35faca6fc785/resource/faffc63c-9507-451a-80b7-554cc0787368/download/est_2024_04_01.csv,work\source_snapshots\data_go_trend_inbound_tourists_2015_2023.csv.gz,5ee8b2449523b81105d53c018bdcd4be1b98e9990ed16f481a244cf36694b862,country_month_csv; summed all countries by month; source dates are day/month/year,,9.839445031883077,1.7241793208094158,2207775,same month previous year,Oct,,
2015,11,2015-11-01,2566077,900001,12,data.go.th / MOTS: trend_inbound_tourists monthly country-level CSV,2024-04-02T00:00:00+00:00,https://data.go.th/dataset/trend_inbound_tourists,https://ckan.mots.go.th/dataset/445c66d8-a06a-49d9-adfc-35faca6fc785/resource/faffc63c-9507-451a-80b7-554cc0787368/download/est_2024_04_01.csv,work\source_snapshots\data_go_trend_inbound_tourists_2015_2023.csv.gz,5ee8b2449523b81105d53c018bdcd4be1b98e9990ed16f481a244cf36694b862,country_month_csv; summed all countries by month; source dates are day/month/year,,14.259068206520409,5.8122412760095,2425123,same month previous year,Nov,,
2015,12,2015-12-01,3024291,900001,12,data.go.th / MOTS: trend_inbound_tourists monthly country-level CSV,2024-04-02T00:00:00+00:00,https://data.go.th/dataset/trend_inbound_tourists,https://ckan.mots.go.th/dataset/445c66d8-a06a-49d9-adfc-35faca6fc785/resource/faffc63c-9507-451a-80b7-554cc0787368/download/est_2024_04_01.csv,work\source_snapshots\data_go_trend_inbound_tourists_2015_2023.csv.gz,5ee8b2449523b81105d53c018bdcd4be1b98e9990ed16f481a244cf36694b862,country_month_csv; summed all countries by month; source dates are day/month/year,,17.856595885470306,5.986207698960855,2853476,same month previous year,Dec,,
2016,1,2016-01-01,2996442,900001,12,data.go.th / MOTS: trend_inbound_tourists monthly country-level CSV,2024-04-02T00:00:00+00:00,https://data.go.th/dataset/trend_inbound_tourists,https://ckan.mots.go.th/dataset/445c66d8-a06a-49d9-adfc-35faca6fc785/resource/faffc63c-9507-451a-80b7-554cc0787368/download/est_2024_04_01.csv,work\source_snapshots\data_go_trend_inbound_tourists_2015_2023.csv.gz,5ee8b2449523b81105d53c018bdcd4be1b98e9990ed16f481a244cf36694b862,country_month_csv; summed all countries by month; source dates are day/month/year,,-0.920843926725301,14.643729059849653,2613699,same month previous year,Jan,,
2016,2,2016-02-01,3080535,900001,12,data.go.th / MOTS: trend_inbound_tourists monthly country-level CSV,2024-04-02T00:00:00+00:00,https://data.go.th/dataset/trend_inbound_tourists,https://ckan.mots.go.th/dataset/445c66d8-a06a-49d9-adfc-35faca6fc785/resource/faffc63c-9507-451a-80b7-554cc0787368/download/est_2024_04_01.csv,work\source_snapshots\data_go_trend_inbound_tourists_2015_2023.csv.gz,5ee8b2449523b81105d53c018bdcd4be1b98e9990ed16f481a244cf36694b862,country_month_csv; summed all countries by month; source dates are day/month/year,,2.806428424110985,15.626323090920557,2664216,same month previous year,Feb,,
2016,3,2016-03-01,2927226,900001,12,data.go.th / MOTS: trend_inbound_tourists monthly country-level CSV,2024-04-02T00:00:00+00:00,https://data.go.th/dataset/trend_inbound_tourists,https://ckan.mots.go.th/dataset/445c66d8-a06a-49d9-adfc-35faca6fc785/resource/faffc63c-9507-451a-80b7-554cc0787368/download/est_2024_04_01.csv,work\source_snapshots\data_go_trend_inbound_tourists_2015_2023.csv.gz,5ee8b2449523b81105d53c018bdcd4be1b98e9990ed16f481a244cf36694b862,country_month_csv; summed all countries by month; source dates are day/month/year,,-4.976700475729057,14.55230217871284,2555362,same month previous year,Mar,,
2016,4,2016-04-01,2627809,900001,12,data.go.th / MOTS: trend_inbound_tourists monthly country-level CSV,2024-04-02T00:00:00+00:00,https://data.go.th/dataset/trend_inbound_tourists,https://ckan.mots.go.th/dataset/445c66d8-a06a-49d9-adfc-35faca6fc785/resource/faffc63c-9507-451a-80b7-554cc0787368/download/est_2024_04_01.csv,work\source_snapshots\data_go_trend_inbound_tourists_2015_2023.csv.gz,5ee8b2449523b81105d53c018bdcd4be1b98e9990ed16f481a244cf36694b862,country_month_csv; summed all countries by month; source dates are day/month/year,,-10.22869433381638,9.186002400770832,2406727,same month previous year,Apr,,
2016,5,2016-05-01,2459093,900001,12,data.go.th / MOTS: trend_inbound_tourists monthly country-level CSV,2024-04-02T00:00:00+00:00,https://data.go.th/dataset/trend_inbound_tourists,https://ckan.mots.go.th/dataset/445c66d8-a06a-49d9-adfc-35faca6fc785/resource/faffc63c-9507-451a-80b7-554cc0787368/download/est_2024_04_01.csv,work\source_snapshots\data_go_trend_inbound_tourists_2015_2023.csv.gz,5ee8b2449523b81105d53c018bdcd4be1b98e9990ed16f481a244cf36694b862,country_month_csv; summed all countries by month; source dates are day/month/year,,-6.420405744861979,6.841601042741541,2301625,same month previous year,May,,
2016,6,2016-06-01,2422998,900001,12,data.go.th / MOTS: trend_inbound_tourists monthly country-level CSV,2024-04-02T00:00:00+00:00,https://data.go.th/dataset/trend_inbound_tourists,https://ckan.mots.go.th/dataset/445c66d8-a06a-49d9-adfc-35faca6fc785/resource/faffc63c-9507-451a-80b7-554cc0787368/download/est_2024_04_01.csv,work\source_snapshots\data_go_trend_inbound_tourists_2015_2023.csv.gz,5ee8b2449523b81105d53c018bdcd4be1b98e9990ed16f481a244cf36694b862,country_month_csv; summed all countries by month; source dates are day/month/year,,-1.4678176059221837,6.7624342207591726,2269523,same month previous year,Jun,,
2016,7,2016-07-01,2949102,900001,12,data.go.th / MOTS: trend_inbound_tourists monthly country-level CSV,2024-04-02T00:00:00+00:00,https://data.go.th/dataset/trend_inbound_tourists,https://ckan.mots.go.th/dataset/445c66d8-a06a-49d9-adfc-35faca6fc785/resource/faffc63c-9507-451a-80b7-554cc0787368/download/est_2024_04_01.csv,work\source_snapshots\data_go_trend_inbound_tourists_2015_2023.csv.gz,5ee8b2449523b81105d53c018bdcd4be1b98e9990ed16f481a244cf36694b862,country_month_csv; summed all countries by month; source dates are day/month/year,,21.71293579276583,11.644382728995573,2641514,same month previous year,Jul,,
2016,8,2016-08-01,2883594,900001,12,data.go.th / MOTS: trend_inbound_tourists monthly country-level CSV,2024-04-02T00:00:00+00:00,https://data.go.th/dataset/trend_inbound_tourists,https://ckan.mots.go.th/dataset/445c66d8-a06a-49d9-adfc-35faca6fc785/resource/faffc63c-9507-451a-80b7-554cc0787368/download/est_2024_04_01.csv,work\source_snapshots\data_go_trend_inbound_tourists_2015_2023.csv.gz,5ee8b2449523b81105d53c018bdcd4be1b98e9990ed16f481a244cf36694b862,country_month_csv; summed all countries by month; source dates are day/month/year,,-2.221286344114237,11.350637074016113,2589652,same month previous year,Aug,,
2016,9,2016-09-01,2416821,900001,12,data.go.th / MOTS: trend_inbound_tourists monthly country-level CSV,2024-04-02T00:00:00+00:00,https://data.go.th/dataset/trend_inbound_tourists,https://ckan.mots.go.th/dataset/445c66d8-a06a-49d9-adfc-35faca6fc785/resource/faffc63c-9507-451a-80b7-554cc0787368/download/est_2024_04_01.csv,work\source_snapshots\data_go_trend_inbound_tourists_2015_2023.csv.gz,5ee8b2449523b81105d53c018bdcd4be1b98e9990ed16f481a244cf36694b862,country_month_csv; summed all countries by month; source dates are day/month/year,,-16.18719556220467,18.20172371125146,2044658,same month previous year,Sep,,
2016,10,2016-10-01,2252775,900001,12,data.go.th / MOTS: trend_inbound_tourists monthly country-level CSV,2024-04-02T00:00:00+00:00,https://data.go.th/dataset/trend_inbound_tourists,https://ckan.mots.go.th/dataset/445c66d8-a06a-49d9-adfc-35faca6fc785/resource/faffc63c-9507-451a-80b7-554cc0787368/download/est_2024_04_01.csv,work\source_snapshots\data_go_trend_inbound_tourists_2015_2023.csv.gz,5ee8b2449523b81105d53c018bdcd4be1b98e9990ed16f481a244cf36694b862,country_month_csv; summed all countries by month; source dates are day/month/year,,-6.787676869739212,0.30874848219442086,2245841,same month previous year,Oct,,
2016,11,2016-11-01,2452457,900001,12,data.go.th / MOTS: trend_inbound_tourists monthly country-level CSV,2024-04-02T00:00:00+00:00,https://data.go.th/dataset/trend_inbound_tourists,https://ckan.mots.go.th/dataset/445c66d8-a06a-49d9-adfc-35faca6fc785/resource/faffc63c-9507-451a-80b7-554cc0787368/download/est_2024_04_01.csv,work\source_snapshots\data_go_trend_inbound_tourists_2015_2023.csv.gz,5ee8b2449523b81105d53c018bdcd4be1b98e9990ed16f481a244cf36694b862,country_month_csv; summed all countries by month; source dates are day/month/year,,8.863823506564117,-4.427770483894289,2566077,same month previous year,Nov,,
2016,12,2016-12-01,3060736,900001,12,data.go.th / MOTS: trend_inbound_tourists monthly country-level CSV,2024-04-02T00:00:00+00:00,https://data.go.th/dataset/trend_inbound_tourists,https://ckan.mots.go.th/dataset/445c66d8-a06a-49d9-adfc-35faca6fc785/resource/faffc63c-9507-451a-80b7-554cc0787368/download/est_2024_04_01.csv,work\source_snapshots\data_go_trend_inbound_tourists_2015_2023.csv.gz,5ee8b2449523b81105d53c018bdcd4be1b98e9990ed16f481a244cf36694b862,country_month_csv; summed all countries by month; source dates are day/month/year,,24.802840579875607,1.2050758343029822,3024291,same month previous year,Dec,,
2017,1,2017-01-01,3197053,900001,12,data.go.th / MOTS: trend_inbound_tourists monthly country-level CSV,2024-04-02T00:00:00+00:00,https://data.go.th/dataset/trend_inbound_tourists,https://ckan.mots.go.th/dataset/445c66d8-a06a-49d9-adfc-35faca6fc785/resource/faffc63c-9507-451a-80b7-554cc0787368/download/est_2024_04_01.csv,work\source_snapshots\data_go_trend_inbound_tourists_2015_2023.csv.gz,5ee8b2449523b81105d53c018bdcd4be1b98e9990ed16f481a244cf36694b862,country_month_csv; summed all countries by month; source dates are day/month/year,,4.4537326969722235,6.694973571989715,2996442,same month previous year,Jan,,
2017,2,2017-02-01,2966522,900001,12,data.go.th / MOTS: trend_inbound_tourists monthly country-level CSV,2024-04-02T00:00:00+00:00,https://data.go.th/dataset/trend_inbound_tourists,https://ckan.mots.go.th/dataset/445c66d8-a06a-49d9-adfc-35faca6fc785/resource/faffc63c-9507-451a-80b7-554cc0787368/download/est_2024_04_01.csv,work\source_snapshots\data_go_trend_inbound_tourists_2015_2023.csv.gz,5ee8b2449523b81105d53c018bdcd4be1b98e9990ed16f481a244cf36694b862,country_month_csv; summed all countries by month; source dates are day/month/year,,-7.210734385698325,-3.701077897183447,3080535,same month previous year,Feb,,
2017,3,2017-03-01,3018411,900001,12,data.go.th / MOTS: trend_inbound_tourists monthly country-level CSV,2024-04-02T00:00:00+00:00,https://data.go.th/dataset/trend_inbound_tourists,https://ckan.mots.go.th/dataset/445c66d8-a06a-49d9-adfc-35faca6fc785/resource/faffc63c-9507-451a-80b7-554cc0787368/download/est_2024_04_01.csv,work\source_snapshots\data_go_trend_inbound_tourists_2015_2023.csv.gz,5ee8b2449523b81105d53c018bdcd4be1b98e9990ed16f481a244cf36694b862,country_month_csv; summed all countries by month; source dates are day/month/year,,1.7491527114917638,3.1150652529049694,2927226,same month previous year,Mar,,
2017,4,2017-04-01,2853288,900001,12,data.go.th / MOTS: trend_inbound_tourists monthly country-level CSV,2024-04-02T00:00:00+00:00,https://data.go.th/dataset/trend_inbound_tourists,https://ckan.mots.go.th/dataset/445c66d8-a06a-49d9-adfc-35faca6fc785/resource/faffc63c-9507-451a-80b7-554cc0787368/download/est_2024_04_01.csv,work\source_snapshots\data_go_trend_inbound_tourists_2015_2023.csv.gz,5ee8b2449523b81105d53c018bdcd4be1b98e9990ed16f481a244cf36694b862,country_month_csv; summed all countries by month; source dates are day/month/year,,-5.470527373508771,8.580494244444715,2627809,same month previous year,Apr,,
2017,5,2017-05-01,2600624,900001,12,data.go.th / MOTS: trend_inbound_tourists monthly country-level CSV,2024-04-02T00:00:00+00:00,https://data.go.th/dataset/trend_inbound_tourists,https://ckan.mots.go.th/dataset/445c66d8-a06a-49d9-adfc-35faca6fc785/resource/faffc63c-9507-451a-80b7-554cc0787368/download/est_2024_04_01.csv,work\source_snapshots\data_go_trend_inbound_tourists_2015_2023.csv.gz,5ee8b2449523b81105d53c018bdcd4be1b98e9990ed16f481a244cf36694b862,country_month_csv; summed all countries by month; source dates are day/month/year,,-8.85518741886553,5.755414699647399,2459093,same month previous year,May,,
2017,6,2017-06-01,2731072,900001,12,data.go.th / MOTS: trend_inbound_tourists monthly country-level CSV,2024-04-02T00:00:00+00:00,https://data.go.th/dataset/trend_inbound_tourists,https://ckan.mots.go.th/dataset/445c66d8-a06a-49d9-adfc-35faca6fc785/resource/faffc63c-9507-451a-80b7-554cc0787368/download/est_2024_04_01.csv,work\source_snapshots\data_go_trend_inbound_tourists_2015_2023.csv.gz,5ee8b2449523b81105d53c018bdcd4be1b98e9990ed16f481a244cf36694b862,country_month_csv; summed all countries by month; source dates are day/month/year,,5.016026922769301,12.714579211373689,2422998,same month previous year,Jun,,
2017,7,2017-07-01,3099409,900001,12,data.go.th / MOTS: trend_inbound_tourists monthly country-level CSV,2024-04-02T00:00:00+00:00,https://data.go.th/dataset/trend_inbound_tourists,https://ckan.mots.go.th/dataset/445c66d8-a06a-49d9-adfc-35faca6fc785/resource/faffc63c-9507-451a-80b7-554cc0787368/download/est_2024_04_01.csv,work\source_snapshots\data_go_trend_inbound_tourists_2015_2023.csv.gz,5ee8b2449523b81105d53c018bdcd4be1b98e9990ed16f481a244cf36694b862,country_month_csv; summed all countries by month; source dates are day/month/year,,13.486901846600885,5.096704013628561,2949102,same month previous year,Jul,,
2017,8,2017-08-01,3188148,900001,12,data.go.th / MOTS: trend_inbound_tourists monthly country-level CSV,2024-04-02T00:00:00+00:00,https://data.go.th/dataset/trend_inbound_tourists,https://ckan.mots.go.th/dataset/445c66d8-a06a-49d9-adfc-35faca6fc785/resource/faffc63c-9507-451a-80b7-554cc0787368/download/est_2024_04_01.csv,work\source_snapshots\data_go_trend_inbound_tourists_2015_2023.csv.gz,5ee8b2449523b81105d53c018bdcd4be1b98e9990ed16f481a244cf36694b862,country_month_csv; summed all countries by month; source dates are day/month/year,,2.863094222156537,10.561611655454971,2883594,same month previous year,Aug,,
2017,9,2017-09-01,2600279,900001,12,data.go.th / MOTS: trend_inbound_tourists monthly country-level CSV,2024-04-02T00:00:00+00:00,https://data.go.th/dataset/trend_inbound_tourists,https://ckan.mots.go.th/dataset/445c66d8-a06a-49d9-adfc-35faca6fc785/resource/faffc63c-9507-451a-80b7-554cc0787368/download/est_2024_04_01.csv,work\source_snapshots\data_go_trend_inbound_tourists_2015_2023.csv.gz,5ee8b2449523b81105d53c018bdcd4be1b98e9990ed16f481a244cf36694b862,country_month_csv; summed all countries by month; source dates are day/month/year,,-18.43920043862456,7.590880747891537,2416821,same month previous year,Sep,,
2017,10,2017-10-01,2725943,900001,12,data.go.th / MOTS: trend_inbound_tourists monthly country-level CSV,2024-04-02T00:00:00+00:00,https://data.go.th/dataset/trend_inbound_tourists,https://ckan.mots.go.th/dataset/445c66d8-a06a-49d9-adfc-35faca6fc785/resource/faffc63c-9507-451a-80b7-554cc0787368/download/est_2024_04_01.csv,work\source_snapshots\data_go_trend_inbound_tourists_2015_2023.csv.gz,5ee8b2449523b81105d53c018bdcd4be1b98e9990ed16f481a244cf36694b862,country_month_csv; summed all countries by month; source dates are day/month/year,,4.832712182038934,21.003784221682142,2252775,same month previous year,Oct,,
2017,11,2017-11-01,3039567,900001,12,data.go.th / MOTS: trend_inbound_tourists monthly country-level CSV,2024-04-02T00:00:00+00:00,https://data.go.th/dataset/trend_inbound_tourists,https://ckan.mots.go.th/dataset/445c66d8-a06a-49d9-adfc-35faca6fc785/resource/faffc63c-9507-451a-80b7-554cc0787368/download/est_2024_04_01.csv,work\source_snapshots\data_go_trend_inbound_tourists_2015_2023.csv.gz,5ee8b2449523b81105d53c018bdcd4be1b98e9990ed16f481a244cf36694b862,country_month_csv; summed all countries by month; source dates are day/month/year,,11.505156197323284,23.939665404938793,2452457,same month previous year,Nov,,
2017,12,2017-12-01,3571662,900001,12,data.go.th / MOTS: trend_inbound_tourists monthly country-level CSV,2024-04-02T00:00:00+00:00,https://data.go.th/dataset/trend_inbound_tourists,https://ckan.mots.go.th/dataset/445c66d8-a06a-49d9-adfc-35faca6fc785/resource/faffc63c-9507-451a-80b7-554cc0787368/download/est_2024_04_01.csv,work\source_snapshots\data_go_trend_inbound_tourists_2015_2023.csv.gz,5ee8b2449523b81105d53c018bdcd4be1b98e9990ed16f481a244cf36694b862,country_month_csv; summed all countries by month; source dates are day/month/year,,17.505618398936427,16.69291307711609,3060736,same month previous year,Dec,,
2018,1,2018-01-01,3531483,900001,12,data.go.th / MOTS: trend_inbound_tourists monthly country-level CSV,2024-04-02T00:00:00+00:00,https://data.go.th/dataset/trend_inbound_tourists,https://ckan.mots.go.th/dataset/445c66d8-a06a-49d9-adfc-35faca6fc785/resource/faffc63c-9507-451a-80b7-554cc0787368/download/est_2024_04_01.csv,work\source_snapshots\data_go_trend_inbound_tourists_2015_2023.csv.gz,5ee8b2449523b81105d53c018bdcd4be1b98e9990ed16f481a244cf36694b862,country_month_csv; summed all countries by month; source dates are day/month/year,,-1.124938474021342,10.460571032134913,3197053,same month previous year,Jan,,
2018,2,2018-02-01,3552119,900001,12,data.go.th / MOTS: trend_inbound_tourists monthly country-level CSV,2024-04-02T00:00:00+00:00,https://data.go.th/dataset/trend_inbound_tourists,https://ckan.mots.go.th/dataset/445c66d8-a06a-49d9-adfc-35faca6fc785/resource/faffc63c-9507-451a-80b7-554cc0787368/download/est_2024_04_01.csv,work\source_snapshots\data_go_trend_inbound_tourists_2015_2023.csv.gz,5ee8b2449523b81105d53c018bdcd4be1b98e9990ed16f481a244cf36694b862,country_month_csv; summed all countries by month; source dates are day/month/year,,0.5843437445401722,19.740187330483305,2966522,same month previous year,Feb,,
2018,3,2018-03-01,3494645,900001,12,data.go.th / MOTS: trend_inbound_tourists monthly country-level CSV,2024-04-02T00:00:00+00:00,https://data.go.th/dataset/trend_inbound_tourists,https://ckan.mots.go.th/dataset/445c66d8-a06a-49d9-adfc-35faca6fc785/resource/faffc63c-9507-451a-80b7-554cc0787368/download/est_2024_04_01.csv,work\source_snapshots\data_go_trend_inbound_tourists_2015_2023.csv.gz,5ee8b2449523b81105d53c018bdcd4be1b98e9990ed16f481a244cf36694b862,country_month_csv; summed all countries by month; source dates are day/month/year,,-1.6180201170062136,15.777639294317435,3018411,same month previous year,Mar,,
2018,4,2018-04-01,3096067,900001,12,data.go.th / MOTS: trend_inbound_tourists monthly country-level CSV,2024-04-02T00:00:00+00:00,https://data.go.th/dataset/trend_inbound_tourists,https://ckan.mots.go.th/dataset/445c66d8-a06a-49d9-adfc-35faca6fc785/resource/faffc63c-9507-451a-80b7-554cc0787368/download/est_2024_04_01.csv,work\source_snapshots\data_go_trend_inbound_tourists_2015_2023.csv.gz,5ee8b2449523b81105d53c018bdcd4be1b98e9990ed16f481a244cf36694b862,country_month_csv; summed all countries by month; source dates are day/month/year,,-11.405393108599016,8.508744998752316,2853288,same month previous year,Apr,,
2018,5,2018-05-01,2737834,900001,12,data.go.th / MOTS: trend_inbound_tourists monthly country-level CSV,2024-04-02T00:00:00+00:00,https://data.go.th/dataset/trend_inbound_tourists,https://ckan.mots.go.th/dataset/445c66d8-a06a-49d9-adfc-35faca6fc785/resource/faffc63c-9507-451a-80b7-554cc0787368/download/est_2024_04_01.csv,work\source_snapshots\data_go_trend_inbound_tourists_2015_2023.csv.gz,5ee8b2449523b81105d53c018bdcd4be1b98e9990ed16f481a244cf36694b862,country_month_csv; summed all countries by month; source dates are day/month/year,,-11.570582936351181,5.276041442361534,2600624,same month previous year,May,,
2018,6,2018-06-01,3013304,900001,12,data.go.th / MOTS: trend_inbound_tourists monthly country-level CSV,2024-04-02T00:00:00+00:00,https://data.go.th/dataset/trend_inbound_tourists,https://ckan.mots.go.th/dataset/445c66d8-a06a-49d9-adfc-35faca6fc785/resource/faffc63c-9507-451a-80b7-554cc0787368/download/est_2024_04_01.csv,work\source_snapshots\data_go_trend_inbound_tourists_2015_2023.csv.gz,5ee8b2449523b81105d53c018bdcd4be1b98e9990ed16f481a244cf36694b862,country_month_csv; summed all countries by month; source dates are day/month/year,,10.061603442721513,10.334110561713494,2731072,same month previous year,Jun,,
2018,7,2018-07-01,3177088,900001,12,data.go.th / MOTS: trend_inbound_tourists monthly country-level CSV,2024-04-02T00:00:00+00:00,https://data.go.th/dataset/trend_inbound_tourists,https://ckan.mots.go.th/dataset/445c66d8-a06a-49d9-adfc-35faca6fc785/resource/faffc63c-9507-451a-80b7-554cc0787368/download/est_2024_04_01.csv,work\source_snapshots\data_go_trend_inbound_tourists_2015_2023.csv.gz,5ee8b2449523b81105d53c018bdcd4be1b98e9990ed16f481a244cf36694b862,country_month_csv; summed all countries by month; source dates are day/month/year,,5.4353626451230985,2.50625199836485,3099409,same month previous year,Jul,,
2018,8,2018-08-01,3229031,900001,12,data.go.th / MOTS: trend_inbound_tourists monthly country-level CSV,2024-04-02T00:00:00+00:00,https://data.go.th/dataset/trend_inbound_tourists,https://ckan.mots.go.th/dataset/445c66d8-a06a-49d9-adfc-35faca6fc785/resource/faffc63c-9507-451a-80b7-554cc0787368/download/est_2024_04_01.csv,work\source_snapshots\data_go_trend_inbound_tourists_2015_2023.csv.gz,5ee8b2449523b81105d53c018bdcd4be1b98e9990ed16f481a244cf36694b862,country_month_csv; summed all countries by month; source dates are day/month/year,,1.634924811651417,1.282343228733418,3188148,same month previous year,Aug,,
2018,9,2018-09-01,2636115,900001,12,data.go.th / MOTS: trend_inbound_tourists monthly country-level CSV,2024-04-02T00:00:00+00:00,https://data.go.th/dataset/trend_inbound_tourists,https://ckan.mots.go.th/dataset/445c66d8-a06a-49d9-adfc-35faca6fc785/resource/faffc63c-9507-451a-80b7-554cc0787368/download/est_2024_04_01.csv,work\source_snapshots\data_go_trend_inbound_tourists_2015_2023.csv.gz,5ee8b2449523b81105d53c018bdcd4be1b98e9990ed16f481a244cf36694b862,country_month_csv; summed all countries by month; source dates are day/month/year,,-18.362041120075958,1.3781598051593624,2600279,same month previous year,Sep,,
2018,10,2018-10-01,2704002,900001,12,data.go.th / MOTS: trend_inbound_tourists monthly country-level CSV,2024-04-02T00:00:00+00:00,https://data.go.th/dataset/trend_inbound_tourists,https://ckan.mots.go.th/dataset/445c66d8-a06a-49d9-adfc-35faca6fc785/resource/faffc63c-9507-451a-80b7-554cc0787368/download/est_2024_04_01.csv,work\source_snapshots\data_go_trend_inbound_tourists_2015_2023.csv.gz,5ee8b2449523b81105d53c018bdcd4be1b98e9990ed16f481a244cf36694b862,country_month_csv; summed all countries by month; source dates are day/month/year,,2.5752670122509924,-0.8048957736827234,2725943,same month previous year,Oct,,
2018,11,2018-11-01,3170996,900001,12,data.go.th / MOTS: trend_inbound_tourists monthly country-level CSV,2024-04-02T00:00:00+00:00,https://data.go.th/dataset/trend_inbound_tourists,https://ckan.mots.go.th/dataset/445c66d8-a06a-49d9-adfc-35faca6fc785/resource/faffc63c-9507-451a-80b7-554cc0787368/download/est_2024_04_01.csv,work\source_snapshots\data_go_trend_inbound_tourists_2015_2023.csv.gz,5ee8b2449523b81105d53c018bdcd4be1b98e9990ed16f481a244cf36694b862,country_month_csv; summed all countries by month; source dates are day/month/year,,17.270475391660224,4.32393824515136,3039567,same month previous year,Nov,,
2018,12,2018-12-01,3835510,900001,12,data.go.th / MOTS: trend_inbound_tourists monthly country-level CSV,2024-04-02T00:00:00+00:00,https://data.go.th/dataset/trend_inbound_tourists,https://ckan.mots.go.th/dataset/445c66d8-a06a-49d9-adfc-35faca6fc785/resource/faffc63c-9507-451a-80b7-554cc0787368/download/est_2024_04_01.csv,work\source_snapshots\data_go_trend_inbound_tourists_2015_2023.csv.gz,5ee8b2449523b81105d53c018bdcd4be1b98e9990ed16f481a244cf36694b862,country_month_csv; summed all countries by month; source dates are day/month/year,,20.956002467363575,7.387261168610015,3571662,same month previous year,Dec,,
2019,1,2019-01-01,3713172,900001,12,data.go.th / MOTS: trend_inbound_tourists monthly country-level CSV,2024-04-02T00:00:00+00:00,https://data.go.th/dataset/trend_inbound_tourists,https://ckan.mots.go.th/dataset/445c66d8-a06a-49d9-adfc-35faca6fc785/resource/faffc63c-9507-451a-80b7-554cc0787368/download/est_2024_04_01.csv,work\source_snapshots\data_go_trend_inbound_tourists_2015_2023.csv.gz,5ee8b2449523b81105d53c018bdcd4be1b98e9990ed16f481a244cf36694b862,country_month_csv; summed all countries by month; source dates are day/month/year,,-3.189614940386021,5.144835753138266,3531483,same month previous year,Jan,,
2019,2,2019-02-01,3600922,900001,12,data.go.th / MOTS: trend_inbound_tourists monthly country-level CSV,2024-04-02T00:00:00+00:00,https://data.go.th/dataset/trend_inbound_tourists,https://ckan.mots.go.th/dataset/445c66d8-a06a-49d9-adfc-35faca6fc785/resource/faffc63c-9507-451a-80b7-554cc0787368/download/est_2024_04_01.csv,work\source_snapshots\data_go_trend_inbound_tourists_2015_2023.csv.gz,5ee8b2449523b81105d53c018bdcd4be1b98e9990ed16f481a244cf36694b862,country_month_csv; summed all countries by month; source dates are day/month/year,,-3.023021826082928,1.3739123041767387,3552119,same month previous year,Feb,,
2019,3,2019-03-01,3478687,900001,12,data.go.th / MOTS: trend_inbound_tourists monthly country-level CSV,2024-04-02T00:00:00+00:00,https://data.go.th/dataset/trend_inbound_tourists,https://ckan.mots.go.th/dataset/445c66d8-a06a-49d9-adfc-35faca6fc785/resource/faffc63c-9507-451a-80b7-554cc0787368/download/est_2024_04_01.csv,work\source_snapshots\data_go_trend_inbound_tourists_2015_2023.csv.gz,5ee8b2449523b81105d53c018bdcd4be1b98e9990ed16f481a244cf36694b862,country_month_csv; summed all countries by month; source dates are day/month/year,,-3.394547285389682,-0.4566415186664119,3494645,same month previous year,Mar,,
2019,4,2019-04-01,3216929,900001,12,data.go.th / MOTS: trend_inbound_tourists monthly country-level CSV,2024-04-02T00:00:00+00:00,https://data.go.th/dataset/trend_inbound_tourists,https://ckan.mots.go.th/dataset/445c66d8-a06a-49d9-adfc-35faca6fc785/resource/faffc63c-9507-451a-80b7-554cc0787368/download/est_2024_04_01.csv,work\source_snapshots\data_go_trend_inbound_tourists_2015_2023.csv.gz,5ee8b2449523b81105d53c018bdcd4be1b98e9990ed16f481a244cf36694b862,country_month_csv; summed all countries by month; source dates are day/month/year,,-7.524620639913849,3.903726889631254,3096067,same month previous year,Apr,,
2019,5,2019-05-01,2736598,900001,12,data.go.th / MOTS: trend_inbound_tourists monthly country-level CSV,2024-04-02T00:00:00+00:00,https://data.go.th/dataset/trend_inbound_tourists,https://ckan.mots.go.th/dataset/445c66d8-a06a-49d9-adfc-35faca6fc785/resource/faffc63c-9507-451a-80b7-554cc0787368/download/est_2024_04_01.csv,work\source_snapshots\data_go_trend_inbound_tourists_2015_2023.csv.gz,5ee8b2449523b81105d53c018bdcd4be1b98e9990ed16f481a244cf36694b862,country_month_csv; summed all countries by month; source dates are day/month/year,,-14.931352230652273,-0.04514517680764829,2737834,same month previous year,May,,
2019,6,2019-06-01,3056697,900001,12,data.go.th / MOTS: trend_inbound_tourists monthly country-level CSV,2024-04-02T00:00:00+00:00,https://data.go.th/dataset/trend_inbound_tourists,https://ckan.mots.go.th/dataset/445c66d8-a06a-49d9-adfc-35faca6fc785/resource/faffc63c-9507-451a-80b7-554cc0787368/download/est_2024_04_01.csv,work\source_snapshots\data_go_trend_inbound_tourists_2015_2023.csv.gz,5ee8b2449523b81105d53c018bdcd4be1b98e9990ed16f481a244cf36694b862,country_month_csv; summed all countries by month; source dates are day/month/year,,11.696968279593856,1.4400472039993284,3013304,same month previous year,Jun,,
2019,7,2019-07-01,3342750,900001,12,data.go.th / MOTS: trend_inbound_tourists monthly country-level CSV,2024-04-02T00:00:00+00:00,https://data.go.th/dataset/trend_inbound_tourists,https://ckan.mots.go.th/dataset/445c66d8-a06a-49d9-adfc-35faca6fc785/resource/faffc63c-9507-451a-80b7-554cc0787368/download/est_2024_04_01.csv,work\source_snapshots\data_go_trend_inbound_tourists_2015_2023.csv.gz,5ee8b2449523b81105d53c018bdcd4be1b98e9990ed16f481a244cf36694b862,country_month_csv; summed all countries by month; source dates are day/month/year,,9.358238647795325,5.214271685266514,3177088,same month previous year,Jul,,
2019,8,2019-08-01,3472655,900001,12,data.go.th / MOTS: trend_inbound_tourists monthly country-level CSV,2024-04-02T00:00:00+00:00,https://data.go.th/dataset/trend_inbound_tourists,https://ckan.mots.go.th/dataset/445c66d8-a06a-49d9-adfc-35faca6fc785/resource/faffc63c-9507-451a-80b7-554cc0787368/download/est_2024_04_01.csv,work\source_snapshots\data_go_trend_inbound_tourists_2015_2023.csv.gz,5ee8b2449523b81105d53c018bdcd4be1b98e9990ed16f481a244cf36694b862,country_month_csv; summed all countries by month; source dates are day/month/year,,3.886171565327956,7.544802140332507,3229031,same month previous year,Aug,,
2019,9,2019-09-01,2890039,900001,12,data.go.th / MOTS: trend_inbound_tourists monthly country-level CSV,2024-04-02T00:00:00+00:00,https://data.go.th/dataset/trend_inbound_tourists,https://ckan.mots.go.th/dataset/445c66d8-a06a-49d9-adfc-35faca6fc785/resource/faffc63c-9507-451a-80b7-554cc0787368/download/est_2024_04_01.csv,work\source_snapshots\data_go_trend_inbound_tourists_2015_2023.csv.gz,5ee8b2449523b81105d53c018bdcd4be1b98e9990ed16f481a244cf36694b862,country_month_csv; summed all countries by month; source dates are day/month/year,,-16.777249683599436,9.632508445193011,2636115,same month previous year,Sep,,
2019,10,2019-10-01,3074099,900001,12,data.go.th / MOTS: trend_inbound_tourists monthly country-level CSV,2024-04-02T00:00:00+00:00,https://data.go.th/dataset/trend_inbound_tourists,https://ckan.mots.go.th/dataset/445c66d8-a06a-49d9-adfc-35faca6fc785/resource/faffc63c-9507-451a-80b7-554cc0787368/download/est_2024_04_01.csv,work\source_snapshots\data_go_trend_inbound_tourists_2015_2023.csv.gz,5ee8b2449523b81105d53c018bdcd4be1b98e9990ed16f481a244cf36694b862,country_month_csv; summed all countries by month; source dates are day/month/year,,6.368772186119287,13.687009107241789,2704002,same month previous year,Oct,,
2019,11,2019-11-01,3386366,900001,12,data.go.th / MOTS: trend_inbound_tourists monthly country-level CSV,2024-04-02T00:00:00+00:00,https://data.go.th/dataset/trend_inbound_tourists,https://ckan.mots.go.th/dataset/445c66d8-a06a-49d9-adfc-35faca6fc785/resource/faffc63c-9507-451a-80b7-554cc0787368/download/est_2024_04_01.csv,work\source_snapshots\data_go_trend_inbound_tourists_2015_2023.csv.gz,5ee8b2449523b81105d53c018bdcd4be1b98e9990ed16f481a244cf36694b862,country_month_csv; summed all countries by month; source dates are day/month/year,,10.15800076705402,6.791872332856941,3170996,same month previous year,Nov,,
2019,12,2019-12-01,3947337,900001,12,data.go.th / MOTS: trend_inbound_tourists monthly country-level CSV,2024-04-02T00:00:00+00:00,https://data.go.th/dataset/trend_inbound_tourists,https://ckan.mots.go.th/dataset/445c66d8-a06a-49d9-adfc-35faca6fc785/resource/faffc63c-9507-451a-80b7-554cc0787368/download/est_2024_04_01.csv,work\source_snapshots\data_go_trend_inbound_tourists_2015_2023.csv.gz,5ee8b2449523b81105d53c018bdcd4be1b98e9990ed16f481a244cf36694b862,country_month_csv; summed all countries by month; source dates are day/month/year,,16.565575014632206,2.9155705499398943,3835510,same month previous year,Dec,,
2020,1,2020-01-01,3810155,900001,12,data.go.th / MOTS: trend_inbound_tourists monthly country-level CSV,2024-04-02T00:00:00+00:00,https://data.go.th/dataset/trend_inbound_tourists,https://ckan.mots.go.th/dataset/445c66d8-a06a-49d9-adfc-35faca6fc785/resource/faffc63c-9507-451a-80b7-554cc0787368/download/est_2024_04_01.csv,work\source_snapshots\data_go_trend_inbound_tourists_2015_2023.csv.gz,5ee8b2449523b81105d53c018bdcd4be1b98e9990ed16f481a244cf36694b862,country_month_csv; summed all countries by month; source dates are day/month/year,,-3.4753049967611083,2.611863926583524,3713172,same month previous year,Jan,,
2020,2,2020-02-01,2061990,900001,12,data.go.th / MOTS: trend_inbound_tourists monthly country-level CSV,2024-04-02T00:00:00+00:00,https://data.go.th/dataset/trend_inbound_tourists,https://ckan.mots.go.th/dataset/445c66d8-a06a-49d9-adfc-35faca6fc785/resource/faffc63c-9507-451a-80b7-554cc0787368/download/est_2024_04_01.csv,work\source_snapshots\data_go_trend_inbound_tourists_2015_2023.csv.gz,5ee8b2449523b81105d53c018bdcd4be1b98e9990ed16f481a244cf36694b862,country_month_csv; summed all countries by month; source dates are day/month/year,,-45.8817292209897,-42.737165648131224,3600922,same month previous year,Feb,,
2020,3,2020-03-01,819429,900001,12,data.go.th / MOTS: trend_inbound_tourists monthly country-level CSV,2024-04-02T00:00:00+00:00,https://data.go.th/dataset/trend_inbound_tourists,https://ckan.mots.go.th/dataset/445c66d8-a06a-49d9-adfc-35faca6fc785/resource/faffc63c-9507-451a-80b7-554cc0787368/download/est_2024_04_01.csv,work\source_snapshots\data_go_trend_inbound_tourists_2015_2023.csv.gz,5ee8b2449523b81105d53c018bdcd4be1b98e9990ed16f481a244cf36694b862,country_month_csv; summed all countries by month; source dates are day/month/year,,-60.26028254259235,-76.44430211743683,3478687,same month previous year,Mar,,
2020,4,2020-04-01,0,900001,12,data.go.th / MOTS: trend_inbound_tourists monthly country-level CSV,2024-04-02T00:00:00+00:00,https://data.go.th/dataset/trend_inbound_tourists,https://ckan.mots.go.th/dataset/445c66d8-a06a-49d9-adfc-35faca6fc785/resource/faffc63c-9507-451a-80b7-554cc0787368/download/est_2024_04_01.csv,work\source_snapshots\data_go_trend_inbound_tourists_2015_2023.csv.gz,5ee8b2449523b81105d53c018bdcd4be1b98e9990ed16f481a244cf36694b862,country_month_csv; summed all countries by month; source dates are day/month/year,,-100.0,-100.0,3216929,same month previous year,Apr,,
2020,5,2020-05-01,0,900001,12,data.go.th / MOTS: trend_inbound_tourists monthly country-level CSV,2024-04-02T00:00:00+00:00,https://data.go.th/dataset/trend_inbound_tourists,https://ckan.mots.go.th/dataset/445c66d8-a06a-49d9-adfc-35faca6fc785/resource/faffc63c-9507-451a-80b7-554cc0787368/download/est_2024_04_01.csv,work\source_snapshots\data_go_trend_inbound_tourists_2015_2023.csv.gz,5ee8b2449523b81105d53c018bdcd4be1b98e9990ed16f481a244cf36694b862,country_month_csv; summed all countries by month; source dates are day/month/year,,,-100.0,2736598,same month previous year,May,,
2020,6,2020-06-01,0,900001,12,data.go.th / MOTS: trend_inbound_tourists monthly country-level CSV,2024-04-02T00:00:00+00:00,https://data.go.th/dataset/trend_inbound_tourists,https://ckan.mots.go.th/dataset/445c66d8-a06a-49d9-adfc-35faca6fc785/resource/faffc63c-9507-451a-80b7-554cc0787368/download/est_2024_04_01.csv,work\source_snapshots\data_go_trend_inbound_tourists_2015_2023.csv.gz,5ee8b2449523b81105d53c018bdcd4be1b98e9990ed16f481a244cf36694b862,country_month_csv; summed all countries by month; source dates are day/month/year,,,-100.0,3056697,same month previous year,Jun,,
2020,7,2020-07-01,0,900001,12,data.go.th / MOTS: trend_inbound_tourists monthly country-level CSV,2024-04-02T00:00:00+00:00,https://data.go.th/dataset/trend_inbound_tourists,https://ckan.mots.go.th/dataset/445c66d8-a06a-49d9-adfc-35faca6fc785/resource/faffc63c-9507-451a-80b7-554cc0787368/download/est_2024_04_01.csv,work\source_snapshots\data_go_trend_inbound_tourists_2015_2023.csv.gz,5ee8b2449523b81105d53c018bdcd4be1b98e9990ed16f481a244cf36694b862,country_month_csv; summed all countries by month; source dates are day/month/year,,,-100.0,3342750,same month previous year,Jul,,
2020,8,2020-08-01,0,900001,12,data.go.th / MOTS: trend_inbound_tourists monthly country-level CSV,2024-04-02T00:00:00+00:00,https://data.go.th/dataset/trend_inbound_tourists,https://ckan.mots.go.th/dataset/445c66d8-a06a-49d9-adfc-35faca6fc785/resource/faffc63c-9507-451a-80b7-554cc0787368/download/est_2024_04_01.csv,work\source_snapshots\data_go_trend_inbound_tourists_2015_2023.csv.gz,5ee8b2449523b81105d53c018bdcd4be1b98e9990ed16f481a244cf36694b862,country_month_csv; summed all countries by month; source dates are day/month/year,,,-100.0,3472655,same month previous year,Aug,,
2020,9,2020-09-01,0,900001,12,data.go.th / MOTS: trend_inbound_tourists monthly country-level CSV,2024-04-02T00:00:00+00:00,https://data.go.th/dataset/trend_inbound_tourists,https://ckan.mots.go.th/dataset/445c66d8-a06a-49d9-adfc-35faca6fc785/resource/faffc63c-9507-451a-80b7-554cc0787368/download/est_2024_04_01.csv,work\source_snapshots\data_go_trend_inbound_tourists_2015_2023.csv.gz,5ee8b2449523b81105d53c018bdcd4be1b98e9990ed16f481a244cf36694b862,country_month_csv; summed all countries by month; source dates are day/month/year,,,-100.0,2890039,same month previous year,Sep,,
2020,10,2020-10-01,7547,900001,12,data.go.th / MOTS: trend_inbound_tourists monthly country-level CSV,2024-04-02T00:00:00+00:00,https://data.go.th/dataset/trend_inbound_tourists,https://ckan.mots.go.th/dataset/445c66d8-a06a-49d9-adfc-35faca6fc785/resource/faffc63c-9507-451a-80b7-554cc0787368/download/est_2024_04_01.csv,work\source_snapshots\data_go_trend_inbound_tourists_2015_2023.csv.gz,5ee8b2449523b81105d53c018bdcd4be1b98e9990ed16f481a244cf36694b862,country_month_csv; summed all countries by month; source dates are day/month/year,,,-99.75449717136631,3074099,same month previous year,Oct,,
2020,11,2020-11-01,10744,900001,12,data.go.th / MOTS: trend_inbound_tourists monthly country-level CSV,2024-04-02T00:00:00+00:00,https://data.go.th/dataset/trend_inbound_tourists,https://ckan.mots.go.th/dataset/445c66d8-a06a-49d9-adfc-35faca6fc785/resource/faffc63c-9507-451a-80b7-554cc0787368/download/est_2024_04_01.csv,work\source_snapshots\data_go_trend_inbound_tourists_2015_2023.csv.gz,5ee8b2449523b81105d53c018bdcd4be1b98e9990ed16f481a244cf36694b862,country_month_csv; summed all countries by month; source dates are day/month/year,,42.36120312707037,-99.6827277382303,3386366,same month previous year,Nov,,
2020,12,2020-12-01,15328,900001,12,data.go.th / MOTS: trend_inbound_tourists monthly country-level CSV,2024-04-02T00:00:00+00:00,https://data.go.th/dataset/trend_inbound_tourists,https://ckan.mots.go.th/dataset/445c66d8-a06a-49d9-adfc-35faca6fc785/resource/faffc63c-9507-451a-80b7-554cc0787368/download/est_2024_04_01.csv,work\source_snapshots\data_go_trend_inbound_tourists_2015_2023.csv.gz,5ee8b2449523b81105d53c018bdcd4be1b98e9990ed16f481a244cf36694b862,country_month_csv; summed all countries by month; source dates are day/month/year,,42.6656738644825,-99.61168757569978,3947337,same month previous year,Dec,,
2021,1,2021-01-01,13758,900001,12,data.go.th / MOTS: trend_inbound_tourists monthly country-level CSV,2024-04-02T00:00:00+00:00,https://data.go.th/dataset/trend_inbound_tourists,https://ckan.mots.go.th/dataset/445c66d8-a06a-49d9-adfc-35faca6fc785/resource/faffc63c-9507-451a-80b7-554cc0787368/download/est_2024_04_01.csv,work\source_snapshots\data_go_trend_inbound_tourists_2015_2023.csv.gz,5ee8b2449523b81105d53c018bdcd4be1b98e9990ed16f481a244cf36694b862,country_month_csv; summed all countries by month; source dates are day/month/year,,-10.242693110647183,-99.6389123277137,3810155,same month previous year,Jan,,
2021,2,2021-02-01,10337,900001,12,data.go.th / MOTS: trend_inbound_tourists monthly country-level CSV,2024-04-02T00:00:00+00:00,https://data.go.th/dataset/trend_inbound_tourists,https://ckan.mots.go.th/dataset/445c66d8-a06a-49d9-adfc-35faca6fc785/resource/faffc63c-9507-451a-80b7-554cc0787368/download/est_2024_04_01.csv,work\source_snapshots\data_go_trend_inbound_tourists_2015_2023.csv.gz,5ee8b2449523b81105d53c018bdcd4be1b98e9990ed16f481a244cf36694b862,country_month_csv; summed all countries by month; source dates are day/month/year,,-24.865532780927456,-99.49868816046634,2061990,same month previous year,Feb,,
2021,3,2021-03-01,14247,900001,12,data.go.th / MOTS: trend_inbound_tourists monthly country-level CSV,2024-04-02T00:00:00+00:00,https://data.go.th/dataset/trend_inbound_tourists,https://ckan.mots.go.th/dataset/445c66d8-a06a-49d9-adfc-35faca6fc785/resource/faffc63c-9507-451a-80b7-554cc0787368/download/est_2024_04_01.csv,work\source_snapshots\data_go_trend_inbound_tourists_2015_2023.csv.gz,5ee8b2449523b81105d53c018bdcd4be1b98e9990ed16f481a244cf36694b862,country_month_csv; summed all countries by month; source dates are day/month/year,,37.82528780110284,-98.26135028172057,819429,same month previous year,Mar,,
2021,4,2021-04-01,15224,900001,12,data.go.th / MOTS: trend_inbound_tourists monthly country-level CSV,2024-04-02T00:00:00+00:00,https://data.go.th/dataset/trend_inbound_tourists,https://ckan.mots.go.th/dataset/445c66d8-a06a-49d9-adfc-35faca6fc785/resource/faffc63c-9507-451a-80b7-554cc0787368/download/est_2024_04_01.csv,work\source_snapshots\data_go_trend_inbound_tourists_2015_2023.csv.gz,5ee8b2449523b81105d53c018bdcd4be1b98e9990ed16f481a244cf36694b862,country_month_csv; summed all countries by month; source dates are day/month/year,,6.85758405278305,,0,same month previous year,Apr,,
2021,5,2021-05-01,9935,900001,12,data.go.th / MOTS: trend_inbound_tourists monthly country-level CSV,2024-04-02T00:00:00+00:00,https://data.go.th/dataset/trend_inbound_tourists,https://ckan.mots.go.th/dataset/445c66d8-a06a-49d9-adfc-35faca6fc785/resource/faffc63c-9507-451a-80b7-554cc0787368/download/est_2024_04_01.csv,work\source_snapshots\data_go_trend_inbound_tourists_2015_2023.csv.gz,5ee8b2449523b81105d53c018bdcd4be1b98e9990ed16f481a244cf36694b862,country_month_csv; summed all countries by month; source dates are day/month/year,,-34.741198108250124,,0,same month previous year,May,,
2021,6,2021-06-01,9547,900001,12,data.go.th / MOTS: trend_inbound_tourists monthly country-level CSV,2024-04-02T00:00:00+00:00,https://data.go.th/dataset/trend_inbound_tourists,https://ckan.mots.go.th/dataset/445c66d8-a06a-49d9-adfc-35faca6fc785/resource/faffc63c-9507-451a-80b7-554cc0787368/download/est_2024_04_01.csv,work\source_snapshots\data_go_trend_inbound_tourists_2015_2023.csv.gz,5ee8b2449523b81105d53c018bdcd4be1b98e9990ed16f481a244cf36694b862,country_month_csv; summed all countries by month; source dates are day/month/year,,-3.9053850025163594,,0,same month previous year,Jun,,
2021,7,2021-07-01,24020,900001,12,data.go.th / MOTS: trend_inbound_tourists monthly country-level CSV,2024-04-02T00:00:00+00:00,https://data.go.th/dataset/trend_inbound_tourists,https://ckan.mots.go.th/dataset/445c66d8-a06a-49d9-adfc-35faca6fc785/resource/faffc63c-9507-451a-80b7-554cc0787368/download/est_2024_04_01.csv,work\source_snapshots\data_go_trend_inbound_tourists_2015_2023.csv.gz,5ee8b2449523b81105d53c018bdcd4be1b98e9990ed16f481a244cf36694b862,country_month_csv; summed all countries by month; source dates are day/month/year,,151.59736042735938,,0,same month previous year,Jul,,
2021,8,2021-08-01,21959,900001,12,data.go.th / MOTS: trend_inbound_tourists monthly country-level CSV,2024-04-02T00:00:00+00:00,https://data.go.th/dataset/trend_inbound_tourists,https://ckan.mots.go.th/dataset/445c66d8-a06a-49d9-adfc-35faca6fc785/resource/faffc63c-9507-451a-80b7-554cc0787368/download/est_2024_04_01.csv,work\source_snapshots\data_go_trend_inbound_tourists_2015_2023.csv.gz,5ee8b2449523b81105d53c018bdcd4be1b98e9990ed16f481a244cf36694b862,country_month_csv; summed all countries by month; source dates are day/month/year,,-8.580349708576184,,0,same month previous year,Aug,,
2021,9,2021-09-01,19856,900001,12,data.go.th / MOTS: trend_inbound_tourists monthly country-level CSV,2024-04-02T00:00:00+00:00,https://data.go.th/dataset/trend_inbound_tourists,https://ckan.mots.go.th/dataset/445c66d8-a06a-49d9-adfc-35faca6fc785/resource/faffc63c-9507-451a-80b7-554cc0787368/download/est_2024_04_01.csv,work\source_snapshots\data_go_trend_inbound_tourists_2015_2023.csv.gz,5ee8b2449523b81105d53c018bdcd4be1b98e9990ed16f481a244cf36694b862,country_month_csv; summed all countries by month; source dates are day/month/year,,-9.576938840566507,,0,same month previous year,Sep,,
2021,10,2021-10-01,30641,900001,12,data.go.th / MOTS: trend_inbound_tourists monthly country-level CSV,2024-04-02T00:00:00+00:00,https://data.go.th/dataset/trend_inbound_tourists,https://ckan.mots.go.th/dataset/445c66d8-a06a-49d9-adfc-35faca6fc785/resource/faffc63c-9507-451a-80b7-554cc0787368/download/est_2024_04_01.csv,work\source_snapshots\data_go_trend_inbound_tourists_2015_2023.csv.gz,5ee8b2449523b81105d53c018bdcd4be1b98e9990ed16f481a244cf36694b862,country_month_csv; summed all countries by month; source dates are day/month/year,,54.31607574536663,306.00238505366366,7547,same month previous year,Oct,,
2021,11,2021-11-01,102383,900001,12,data.go.th / MOTS: trend_inbound_tourists monthly country-level CSV,2024-04-02T00:00:00+00:00,https://data.go.th/dataset/trend_inbound_tourists,https://ckan.mots.go.th/dataset/445c66d8-a06a-49d9-adfc-35faca6fc785/resource/faffc63c-9507-451a-80b7-554cc0787368/download/est_2024_04_01.csv,work\source_snapshots\data_go_trend_inbound_tourists_2015_2023.csv.gz,5ee8b2449523b81105d53c018bdcd4be1b98e9990ed16f481a244cf36694b862,country_month_csv; summed all countries by month; source dates are day/month/year,,234.13726706047453,852.9318689501117,10744,same month previous year,Nov,,
2021,12,2021-12-01,238860,900001,12,data.go.th / MOTS: trend_inbound_tourists monthly country-level CSV,2024-04-02T00:00:00+00:00,https://data.go.th/dataset/trend_inbound_tourists,https://ckan.mots.go.th/dataset/445c66d8-a06a-49d9-adfc-35faca6fc785/resource/faffc63c-9507-451a-80b7-554cc0787368/download/est_2024_04_01.csv,work\source_snapshots\data_go_trend_inbound_tourists_2015_2023.csv.gz,5ee8b2449523b81105d53c018bdcd4be1b98e9990ed16f481a244cf36694b862,country_month_csv; summed all countries by month; source dates are day/month/year,,133.30045027006437,1458.3246346555325,15328,same month previous year,Dec,,
2022,1,2022-01-01,128224,900001,12,data.go.th / MOTS: trend_inbound_tourists monthly country-level CSV,2024-04-02T00:00:00+00:00,https://data.go.th/dataset/trend_inbound_tourists,https://ckan.mots.go.th/dataset/445c66d8-a06a-49d9-adfc-35faca6fc785/resource/faffc63c-9507-451a-80b7-554cc0787368/download/est_2024_04_01.csv,work\source_snapshots\data_go_trend_inbound_tourists_2015_2023.csv.gz,5ee8b2449523b81105d53c018bdcd4be1b98e9990ed16f481a244cf36694b862,country_month_csv; summed all countries by month; source dates are day/month/year,,-46.31834547433643,831.9959296409362,13758,same month previous year,Jan,,
2022,2,2022-02-01,151794,900001,12,data.go.th / MOTS: trend_inbound_tourists monthly country-level CSV,2024-04-02T00:00:00+00:00,https://data.go.th/dataset/trend_inbound_tourists,https://ckan.mots.go.th/dataset/445c66d8-a06a-49d9-adfc-35faca6fc785/resource/faffc63c-9507-451a-80b7-554cc0787368/download/est_2024_04_01.csv,work\source_snapshots\data_go_trend_inbound_tourists_2015_2023.csv.gz,5ee8b2449523b81105d53c018bdcd4be1b98e9990ed16f481a244cf36694b862,country_month_csv; summed all countries by month; source dates are day/month/year,,18.381894185175952,1368.4531295346812,10337,same month previous year,Feb,,
2022,3,2022-03-01,208100,900001,12,data.go.th / MOTS: trend_inbound_tourists monthly country-level CSV,2024-04-02T00:00:00+00:00,https://data.go.th/dataset/trend_inbound_tourists,https://ckan.mots.go.th/dataset/445c66d8-a06a-49d9-adfc-35faca6fc785/resource/faffc63c-9507-451a-80b7-554cc0787368/download/est_2024_04_01.csv,work\source_snapshots\data_go_trend_inbound_tourists_2015_2023.csv.gz,5ee8b2449523b81105d53c018bdcd4be1b98e9990ed16f481a244cf36694b862,country_month_csv; summed all countries by month; source dates are day/month/year,,37.09369276783008,1360.6583842212397,14247,same month previous year,Mar,,
2022,4,2022-04-01,287511,900001,12,data.go.th / MOTS: trend_inbound_tourists monthly country-level CSV,2024-04-02T00:00:00+00:00,https://data.go.th/dataset/trend_inbound_tourists,https://ckan.mots.go.th/dataset/445c66d8-a06a-49d9-adfc-35faca6fc785/resource/faffc63c-9507-451a-80b7-554cc0787368/download/est_2024_04_01.csv,work\source_snapshots\data_go_trend_inbound_tourists_2015_2023.csv.gz,5ee8b2449523b81105d53c018bdcd4be1b98e9990ed16f481a244cf36694b862,country_month_csv; summed all countries by month; source dates are day/month/year,,38.16001922152812,1788.5378349973723,15224,same month previous year,Apr,,
2022,5,2022-05-01,508177,900001,12,data.go.th / MOTS: trend_inbound_tourists monthly country-level CSV,2024-04-02T00:00:00+00:00,https://data.go.th/dataset/trend_inbound_tourists,https://ckan.mots.go.th/dataset/445c66d8-a06a-49d9-adfc-35faca6fc785/resource/faffc63c-9507-451a-80b7-554cc0787368/download/est_2024_04_01.csv,work\source_snapshots\data_go_trend_inbound_tourists_2015_2023.csv.gz,5ee8b2449523b81105d53c018bdcd4be1b98e9990ed16f481a244cf36694b862,country_month_csv; summed all countries by month; source dates are day/month/year,,76.75045476520899,5015.0176144942125,9935,same month previous year,May,,
2022,6,2022-06-01,768970,900001,12,data.go.th / MOTS: trend_inbound_tourists monthly country-level CSV,2024-04-02T00:00:00+00:00,https://data.go.th/dataset/trend_inbound_tourists,https://ckan.mots.go.th/dataset/445c66d8-a06a-49d9-adfc-35faca6fc785/resource/faffc63c-9507-451a-80b7-554cc0787368/download/est_2024_04_01.csv,work\source_snapshots\data_go_trend_inbound_tourists_2015_2023.csv.gz,5ee8b2449523b81105d53c018bdcd4be1b98e9990ed16f481a244cf36694b862,country_month_csv; summed all countries by month; source dates are day/month/year,,51.319323778919546,7954.572116895359,9547,same month previous year,Jun,,
2022,7,2022-07-01,1134929,900001,12,data.go.th / MOTS: trend_inbound_tourists monthly country-level CSV,2024-04-02T00:00:00+00:00,https://data.go.th/dataset/trend_inbound_tourists,https://ckan.mots.go.th/dataset/445c66d8-a06a-49d9-adfc-35faca6fc785/resource/faffc63c-9507-451a-80b7-554cc0787368/download/est_2024_04_01.csv,work\source_snapshots\data_go_trend_inbound_tourists_2015_2023.csv.gz,5ee8b2449523b81105d53c018bdcd4be1b98e9990ed16f481a244cf36694b862,country_month_csv; summed all countries by month; source dates are day/month/year,,47.59080328231271,4624.933388842632,24020,same month previous year,Jul,,
2022,8,2022-08-01,1188218,900001,12,data.go.th / MOTS: trend_inbound_tourists monthly country-level CSV,2024-04-02T00:00:00+00:00,https://data.go.th/dataset/trend_inbound_tourists,https://ckan.mots.go.th/dataset/445c66d8-a06a-49d9-adfc-35faca6fc785/resource/faffc63c-9507-451a-80b7-554cc0787368/download/est_2024_04_01.csv,work\source_snapshots\data_go_trend_inbound_tourists_2015_2023.csv.gz,5ee8b2449523b81105d53c018bdcd4be1b98e9990ed16f481a244cf36694b862,country_month_csv; summed all countries by month; source dates are day/month/year,,4.695359797837573,5311.075185573114,21959,same month previous year,Aug,,
2022,9,2022-09-01,1259274,900001,12,data.go.th / MOTS: trend_inbound_tourists monthly country-level CSV,2024-04-02T00:00:00+00:00,https://data.go.th/dataset/trend_inbound_tourists,https://ckan.mots.go.th/dataset/445c66d8-a06a-49d9-adfc-35faca6fc785/resource/faffc63c-9507-451a-80b7-554cc0787368/download/est_2024_04_01.csv,work\source_snapshots\data_go_trend_inbound_tourists_2015_2023.csv.gz,5ee8b2449523b81105d53c018bdcd4be1b98e9990ed16f481a244cf36694b862,country_month_csv; summed all countries by month; source dates are day/month/year,,5.980047432373525,6242.032634971797,19856,same month previous year,Sep,,
2022,10,2022-10-01,1467365,900001,12,data.go.th / MOTS: trend_inbound_tourists monthly country-level CSV,2024-04-02T00:00:00+00:00,https://data.go.th/dataset/trend_inbound_tourists,https://ckan.mots.go.th/dataset/445c66d8-a06a-49d9-adfc-35faca6fc785/resource/faffc63c-9507-451a-80b7-554cc0787368/download/est_2024_04_01.csv,work\source_snapshots\data_go_trend_inbound_tourists_2015_2023.csv.gz,5ee8b2449523b81105d53c018bdcd4be1b98e9990ed16f481a244cf36694b862,country_month_csv; summed all countries by month; source dates are day/month/year,,16.524680093450673,4688.893965601645,30641,same month previous year,Oct,,
2022,11,2022-11-01,1721487,900001,12,data.go.th / MOTS: trend_inbound_tourists monthly country-level CSV,2024-04-02T00:00:00+00:00,https://data.go.th/dataset/trend_inbound_tourists,https://ckan.mots.go.th/dataset/445c66d8-a06a-49d9-adfc-35faca6fc785/resource/faffc63c-9507-451a-80b7-554cc0787368/download/est_2024_04_01.csv,work\source_snapshots\data_go_trend_inbound_tourists_2015_2023.csv.gz,5ee8b2449523b81105d53c018bdcd4be1b98e9990ed16f481a244cf36694b862,country_month_csv; summed all countries by month; source dates are day/month/year,,17.318254149444744,1581.4187902288468,102383,same month previous year,Nov,,
2022,12,2022-12-01,2241177,900001,12,data.go.th / MOTS: trend_inbound_tourists monthly country-level CSV,2024-04-02T00:00:00+00:00,https://data.go.th/dataset/trend_inbound_tourists,https://ckan.mots.go.th/dataset/445c66d8-a06a-49d9-adfc-35faca6fc785/resource/faffc63c-9507-451a-80b7-554cc0787368/download/est_2024_04_01.csv,work\source_snapshots\data_go_trend_inbound_tourists_2015_2023.csv.gz,5ee8b2449523b81105d53c018bdcd4be1b98e9990ed16f481a244cf36694b862,country_month_csv; summed all countries by month; source dates are day/month/year,,30.188435927776403,838.2805827681487,238860,same month previous year,Dec,,
2023,1,2023-01-01,2144948,900001,12,data.go.th / MOTS: trend_inbound_tourists monthly country-level CSV,2024-04-02T00:00:00+00:00,https://data.go.th/dataset/trend_inbound_tourists,https://ckan.mots.go.th/dataset/445c66d8-a06a-49d9-adfc-35faca6fc785/resource/faffc63c-9507-451a-80b7-554cc0787368/download/est_2024_04_01.csv,work\source_snapshots\data_go_trend_inbound_tourists_2015_2023.csv.gz,5ee8b2449523b81105d53c018bdcd4be1b98e9990ed16f481a244cf36694b862,country_month_csv; summed all countries by month; source dates are day/month/year,,-4.293681400442717,1572.8132018966808,128224,same month previous year,Jan,,
2023,2,2023-02-01,2113550,900001,12,data.go.th / MOTS: trend_inbound_tourists monthly country-level CSV,2024-04-02T00:00:00+00:00,https://data.go.th/dataset/trend_inbound_tourists,https://ckan.mots.go.th/dataset/445c66d8-a06a-49d9-adfc-35faca6fc785/resource/faffc63c-9507-451a-80b7-554cc0787368/download/est_2024_04_01.csv,work\source_snapshots\data_go_trend_inbound_tourists_2015_2023.csv.gz,5ee8b2449523b81105d53c018bdcd4be1b98e9990ed16f481a244cf36694b862,country_month_csv; summed all countries by month; source dates are day/month/year,,-1.4638117101207104,1292.3804629959025,151794,same month previous year,Feb,,
2023,3,2023-03-01,2269733,900001,12,data.go.th / MOTS: trend_inbound_tourists monthly country-level CSV,2024-04-02T00:00:00+00:00,https://data.go.th/dataset/trend_inbound_tourists,https://ckan.mots.go.th/dataset/445c66d8-a06a-49d9-adfc-35faca6fc785/resource/faffc63c-9507-451a-80b7-554cc0787368/download/est_2024_04_01.csv,work\source_snapshots\data_go_trend_inbound_tourists_2015_2023.csv.gz,5ee8b2449523b81105d53c018bdcd4be1b98e9990ed16f481a244cf36694b862,country_month_csv; summed all countries by month; source dates are day/month/year,,7.389605166662716,990.6934166266218,208100,same month previous year,Mar,,
2023,4,2023-04-01,2182100,900001,12,data.go.th / MOTS: trend_inbound_tourists monthly country-level CSV,2024-04-02T00:00:00+00:00,https://data.go.th/dataset/trend_inbound_tourists,https://ckan.mots.go.th/dataset/445c66d8-a06a-49d9-adfc-35faca6fc785/resource/faffc63c-9507-451a-80b7-554cc0787368/download/est_2024_04_01.csv,work\source_snapshots\data_go_trend_inbound_tourists_2015_2023.csv.gz,5ee8b2449523b81105d53c018bdcd4be1b98e9990ed16f481a244cf36694b862,country_month_csv; summed all countries by month; source dates are day/month/year,,-3.8609387095310366,658.9622657915697,287511,same month previous year,Apr,,
2023,5,2023-05-01,2013852,900001,12,data.go.th / MOTS: trend_inbound_tourists monthly country-level CSV,2024-04-02T00:00:00+00:00,https://data.go.th/dataset/trend_inbound_tourists,https://ckan.mots.go.th/dataset/445c66d8-a06a-49d9-adfc-35faca6fc785/resource/faffc63c-9507-451a-80b7-554cc0787368/download/est_2024_04_01.csv,work\source_snapshots\data_go_trend_inbound_tourists_2015_2023.csv.gz,5ee8b2449523b81105d53c018bdcd4be1b98e9990ed16f481a244cf36694b862,country_month_csv; summed all countries by month; source dates are day/month/year,,-7.7103707437789275,296.28948181440717,508177,same month previous year,May,,
2023,6,2023-06-01,2241201,900001,12,data.go.th / MOTS: trend_inbound_tourists monthly country-level CSV,2024-04-02T00:00:00+00:00,https://data.go.th/dataset/trend_inbound_tourists,https://ckan.mots.go.th/dataset/445c66d8-a06a-49d9-adfc-35faca6fc785/resource/faffc63c-9507-451a-80b7-554cc0787368/download/est_2024_04_01.csv,work\source_snapshots\data_go_trend_inbound_tourists_2015_2023.csv.gz,5ee8b2449523b81105d53c018bdcd4be1b98e9990ed16f481a244cf36694b862,country_month_csv; summed all countries by month; source dates are day/month/year,,11.28926058121451,191.45493322236237,768970,same month previous year,Jun,,
2023,7,2023-07-01,2490643,900001,12,data.go.th / MOTS: trend_inbound_tourists monthly country-level CSV,2024-04-02T00:00:00+00:00,https://data.go.th/dataset/trend_inbound_tourists,https://ckan.mots.go.th/dataset/445c66d8-a06a-49d9-adfc-35faca6fc785/resource/faffc63c-9507-451a-80b7-554cc0787368/download/est_2024_04_01.csv,work\source_snapshots\data_go_trend_inbound_tourists_2015_2023.csv.gz,5ee8b2449523b81105d53c018bdcd4be1b98e9990ed16f481a244cf36694b862,country_month_csv; summed all countries by month; source dates are day/month/year,,11.129836190506781,119.45363983121413,1134929,same month previous year,Jul,,
2023,8,2023-08-01,2468042,900001,12,data.go.th / MOTS: trend_inbound_tourists monthly country-level CSV,2024-04-02T00:00:00+00:00,https://data.go.th/dataset/trend_inbound_tourists,https://ckan.mots.go.th/dataset/445c66d8-a06a-49d9-adfc-35faca6fc785/resource/faffc63c-9507-451a-80b7-554cc0787368/download/est_2024_04_01.csv,work\source_snapshots\data_go_trend_inbound_tourists_2015_2023.csv.gz,5ee8b2449523b81105d53c018bdcd4be1b98e9990ed16f481a244cf36694b862,country_month_csv; summed all countries by month; source dates are day/month/year,,-0.907436352781188,107.70952804956666,1188218,same month previous year,Aug,,
2023,9,2023-09-01,2130596,900001,12,data.go.th / MOTS: trend_inbound_tourists monthly country-level CSV,2024-04-02T00:00:00+00:00,https://data.go.th/dataset/trend_inbound_tourists,https://ckan.mots.go.th/dataset/445c66d8-a06a-49d9-adfc-35faca6fc785/resource/faffc63c-9507-451a-80b7-554cc0787368/download/est_2024_04_01.csv,work\source_snapshots\data_go_trend_inbound_tourists_2015_2023.csv.gz,5ee8b2449523b81105d53c018bdcd4be1b98e9990ed16f481a244cf36694b862,country_month_csv; summed all countries by month; source dates are day/month/year,,-13.6726198338602,69.1924076888747,1259274,same month previous year,Sep,,
2023,10,2023-10-01,2197017,900001,12,data.go.th / MOTS: trend_inbound_tourists monthly country-level CSV,2024-04-02T00:00:00+00:00,https://data.go.th/dataset/trend_inbound_tourists,https://ckan.mots.go.th/dataset/445c66d8-a06a-49d9-adfc-35faca6fc785/resource/faffc63c-9507-451a-80b7-554cc0787368/download/est_2024_04_01.csv,work\source_snapshots\data_go_trend_inbound_tourists_2015_2023.csv.gz,5ee8b2449523b81105d53c018bdcd4be1b98e9990ed16f481a244cf36694b862,country_month_csv; summed all countries by month; source dates are day/month/year,,3.117484497295586,49.725323965066636,1467365,same month previous year,Oct,,
2023,11,2023-11-01,2637077,900001,12,data.go.th / MOTS: trend_inbound_tourists monthly country-level CSV,2024-04-02T00:00:00+00:00,https://data.go.th/dataset/trend_inbound_tourists,https://ckan.mots.go.th/dataset/445c66d8-a06a-49d9-adfc-35faca6fc785/resource/faffc63c-9507-451a-80b7-554cc0787368/download/est_2024_04_01.csv,work\source_snapshots\data_go_trend_inbound_tourists_2015_2023.csv.gz,5ee8b2449523b81105d53c018bdcd4be1b98e9990ed16f481a244cf36694b862,country_month_csv; summed all countries by month; source dates are day/month/year,,20.029885977213645,53.18599559566817,1721487,same month previous year,Nov,,
2023,12,2023-12-01,3261257,900001,12,data.go.th / MOTS: trend_inbound_tourists monthly country-level CSV,2024-04-02T00:00:00+00:00,https://data.go.th/dataset/trend_inbound_tourists,https://ckan.mots.go.th/dataset/445c66d8-a06a-49d9-adfc-35faca6fc785/resource/faffc63c-9507-451a-80b7-554cc0787368/download/est_2024_04_01.csv,work\source_snapshots\data_go_trend_inbound_tourists_2015_2023.csv.gz,5ee8b2449523b81105d53c018bdcd4be1b98e9990ed16f481a244cf36694b862,country_month_csv; summed all countries by month; source dates are day/month/year,,23.669388493396283,45.51536982576565,2241177,same month previous year,Dec,,
2024,1,2024-01-01,3035296,13676,12,สถิตินักท่องเที่ยวชาวต่างชาติที่เดินทางเข้าประเทศไทย ม.ค. - ธ.ค. ปี 2568 (เบื้องต้น) (International Tourist Arrivals to Thailand Jan - Dec 2025P),2026-01-06T09:43:49.402Z,https://www.mots.go.th/news/category/806,https://www.mots.go.th/images/v2022_875a5789-3bcc-4700-bf55-b86fa7f1053c.xlsx,work\cache\source_files\2025_806_13676_สถ_ต_น_กท_องเท_ยวชาวต_างชาต_ท_เด_นทางเข_าประเทศไทย_ม.ค._-_ธ..xlsx,8dfeefbc510463770f246b420463f363183211ebfbc1d1a880be75d58b7562ac,year_blocks; sheet=Sheet1; year_row=4; header_row=5; total_row=116,,-6.928647450967529,41.50907154858765,2144948,same month previous year,Jan,,
2024,2,2024-02-01,3352302,13676,12,สถิตินักท่องเที่ยวชาวต่างชาติที่เดินทางเข้าประเทศไทย ม.ค. - ธ.ค. ปี 2568 (เบื้องต้น) (International Tourist Arrivals to Thailand Jan - Dec 2025P),2026-01-06T09:43:49.402Z,https://www.mots.go.th/news/category/806,https://www.mots.go.th/images/v2022_875a5789-3bcc-4700-bf55-b86fa7f1053c.xlsx,work\cache\source_files\2025_806_13676_สถ_ต_น_กท_องเท_ยวชาวต_างชาต_ท_เด_นทางเข_าประเทศไทย_ม.ค._-_ธ..xlsx,8dfeefbc510463770f246b420463f363183211ebfbc1d1a880be75d58b7562ac,year_blocks; sheet=Sheet1; year_row=4; header_row=5; total_row=116,,10.443989647138196,58.61001632324763,2113550,same month previous year,Feb,,
2024,3,2024-03-01,2982721,13676,12,สถิตินักท่องเที่ยวชาวต่างชาติที่เดินทางเข้าประเทศไทย ม.ค. - ธ.ค. ปี 2568 (เบื้องต้น) (International Tourist Arrivals to Thailand Jan - Dec 2025P),2026-01-06T09:43:49.402Z,https://www.mots.go.th/news/category/806,https://www.mots.go.th/images/v2022_875a5789-3bcc-4700-bf55-b86fa7f1053c.xlsx,work\cache\source_files\2025_806_13676_สถ_ต_น_กท_องเท_ยวชาวต_างชาต_ท_เด_นทางเข_าประเทศไทย_ม.ค._-_ธ..xlsx,8dfeefbc510463770f246b420463f363183211ebfbc1d1a880be75d58b7562ac,year_blocks; sheet=Sheet1; year_row=4; header_row=5; total_row=116,,-11.024692882681808,31.412857811910033,2269733,same month previous year,Mar,,
2024,4,2024-04-01,2757128,13676,12,สถิตินักท่องเที่ยวชาวต่างชาติที่เดินทางเข้าประเทศไทย ม.ค. - ธ.ค. ปี 2568 (เบื้องต้น) (International Tourist Arrivals to Thailand Jan - Dec 2025P),2026-01-06T09:43:49.402Z,https://www.mots.go.th/news/category/806,https://www.mots.go.th/images/v2022_875a5789-3bcc-4700-bf55-b86fa7f1053c.xlsx,work\cache\source_files\2025_806_13676_สถ_ต_น_กท_องเท_ยวชาวต_างชาต_ท_เด_นทางเข_าประเทศไทย_ม.ค._-_ธ..xlsx,8dfeefbc510463770f246b420463f363183211ebfbc1d1a880be75d58b7562ac,year_blocks; sheet=Sheet1; year_row=4; header_row=5; total_row=116,,-7.563328920137014,26.352046194033264,2182100,same month previous year,Apr,,
2024,5,2024-05-01,2633464,13676,12,สถิตินักท่องเที่ยวชาวต่างชาติที่เดินทางเข้าประเทศไทย ม.ค. - ธ.ค. ปี 2568 (เบื้องต้น) (International Tourist Arrivals to Thailand Jan - Dec 2025P),2026-01-06T09:43:49.402Z,https://www.mots.go.th/news/category/806,https://www.mots.go.th/images/v2022_875a5789-3bcc-4700-bf55-b86fa7f1053c.xlsx,work\cache\source_files\2025_806_13676_สถ_ต_น_กท_องเท_ยวชาวต_างชาต_ท_เด_นทางเข_าประเทศไทย_ม.ค._-_ธ..xlsx,8dfeefbc510463770f246b420463f363183211ebfbc1d1a880be75d58b7562ac,year_blocks; sheet=Sheet1; year_row=4; header_row=5; total_row=116,,-4.485246967133916,30.767504265457447,2013852,same month previous year,May,,
2024,6,2024-06-01,2740372,13676,12,สถิตินักท่องเที่ยวชาวต่างชาติที่เดินทางเข้าประเทศไทย ม.ค. - ธ.ค. ปี 2568 (เบื้องต้น) (International Tourist Arrivals to Thailand Jan - Dec 2025P),2026-01-06T09:43:49.402Z,https://www.mots.go.th/news/category/806,https://www.mots.go.th/images/v2022_875a5789-3bcc-4700-bf55-b86fa7f1053c.xlsx,work\cache\source_files\2025_806_13676_สถ_ต_น_กท_องเท_ยวชาวต_างชาต_ท_เด_นทางเข_าประเทศไทย_ม.ค._-_ธ..xlsx,8dfeefbc510463770f246b420463f363183211ebfbc1d1a880be75d58b7562ac,year_blocks; sheet=Sheet1; year_row=4; header_row=5; total_row=116,,4.059596030171675,22.272478015135633,2241201,same month previous year,Jun,,
2024,7,2024-07-01,3103420,13676,12,สถิตินักท่องเที่ยวชาวต่างชาติที่เดินทางเข้าประเทศไทย ม.ค. - ธ.ค. ปี 2568 (เบื้องต้น) (International Tourist Arrivals to Thailand Jan - Dec 2025P),2026-01-06T09:43:49.402Z,https://www.mots.go.th/news/category/806,https://www.mots.go.th/images/v2022_875a5789-3bcc-4700-bf55-b86fa7f1053c.xlsx,work\cache\source_files\2025_806_13676_สถ_ต_น_กท_องเท_ยวชาวต_างชาต_ท_เด_นทางเข_าประเทศไทย_ม.ค._-_ธ..xlsx,8dfeefbc510463770f246b420463f363183211ebfbc1d1a880be75d58b7562ac,year_blocks; sheet=Sheet1; year_row=4; header_row=5; total_row=116,,13.248128356296164,24.60316472493247,2490643,same month previous year,Jul,,
2024,8,2024-08-01,2963148,13676,12,สถิตินักท่องเที่ยวชาวต่างชาติที่เดินทางเข้าประเทศไทย ม.ค. - ธ.ค. ปี 2568 (เบื้องต้น) (International Tourist Arrivals to Thailand Jan - Dec 2025P),2026-01-06T09:43:49.402Z,https://www.mots.go.th/news/category/806,https://www.mots.go.th/images/v2022_875a5789-3bcc-4700-bf55-b86fa7f1053c.xlsx,work\cache\source_files\2025_806_13676_สถ_ต_น_กท_องเท_ยวชาวต_างชาต_ท_เด_นทางเข_าประเทศไทย_ม.ค._-_ธ..xlsx,8dfeefbc510463770f246b420463f363183211ebfbc1d1a880be75d58b7562ac,year_blocks; sheet=Sheet1; year_row=4; header_row=5; total_row=116,,-4.519916737019159,20.060679680491656,2468042,same month previous year,Aug,,
2024,9,2024-09-01,2521005,13676,12,สถิตินักท่องเที่ยวชาวต่างชาติที่เดินทางเข้าประเทศไทย ม.ค. - ธ.ค. ปี 2568 (เบื้องต้น) (International Tourist Arrivals to Thailand Jan - Dec 2025P),2026-01-06T09:43:49.402Z,https://www.mots.go.th/news/category/806,https://www.mots.go.th/images/v2022_875a5789-3bcc-4700-bf55-b86fa7f1053c.xlsx,work\cache\source_files\2025_806_13676_สถ_ต_น_กท_องเท_ยวชาวต_างชาต_ท_เด_นทางเข_าประเทศไทย_ม.ค._-_ธ..xlsx,8dfeefbc510463770f246b420463f363183211ebfbc1d1a880be75d58b7562ac,year_blocks; sheet=Sheet1; year_row=4; header_row=5; total_row=116,,-14.921394408919165,18.323933772521862,2130596,same month previous year,Sep,,
2024,10,2024-10-01,2679180,13676,12,สถิตินักท่องเที่ยวชาวต่างชาติที่เดินทางเข้าประเทศไทย ม.ค. - ธ.ค. ปี 2568 (เบื้องต้น) (International Tourist Arrivals to Thailand Jan - Dec 2025P),2026-01-06T09:43:49.402Z,https://www.mots.go.th/news/category/806,https://www.mots.go.th/images/v2022_875a5789-3bcc-4700-bf55-b86fa7f1053c.xlsx,work\cache\source_files\2025_806_13676_สถ_ต_น_กท_องเท_ยวชาวต_างชาต_ท_เด_นทางเข_าประเทศไทย_ม.ค._-_ธ..xlsx,8dfeefbc510463770f246b420463f363183211ebfbc1d1a880be75d58b7562ac,year_blocks; sheet=Sheet1; year_row=4; header_row=5; total_row=116,,6.274283470282693,21.94625712955338,2197017,same month previous year,Oct,,
2024,11,2024-11-01,3150237,13676,12,สถิตินักท่องเที่ยวชาวต่างชาติที่เดินทางเข้าประเทศไทย ม.ค. - ธ.ค. ปี 2568 (เบื้องต้น) (International Tourist Arrivals to Thailand Jan - Dec 2025P),2026-01-06T09:43:49.402Z,https://www.mots.go.th/news/category/806,https://www.mots.go.th/images/v2022_875a5789-3bcc-4700-bf55-b86fa7f1053c.xlsx,work\cache\source_files\2025_806_13676_สถ_ต_น_กท_องเท_ยวชาวต_างชาต_ท_เด_นทางเข_าประเทศไทย_ม.ค._-_ธ..xlsx,8dfeefbc510463770f246b420463f363183211ebfbc1d1a880be75d58b7562ac,year_blocks; sheet=Sheet1; year_row=4; header_row=5; total_row=116,,17.582133339305315,19.45942420338882,2637077,same month previous year,Nov,,
2024,12,2024-12-01,3627441,13676,12,สถิตินักท่องเที่ยวชาวต่างชาติที่เดินทางเข้าประเทศไทย ม.ค. - ธ.ค. ปี 2568 (เบื้องต้น) (International Tourist Arrivals to Thailand Jan - Dec 2025P),2026-01-06T09:43:49.402Z,https://www.mots.go.th/news/category/806,https://www.mots.go.th/images/v2022_875a5789-3bcc-4700-bf55-b86fa7f1053c.xlsx,work\cache\source_files\2025_806_13676_สถ_ต_น_กท_องเท_ยวชาวต_างชาต_ท_เด_นทางเข_าประเทศไทย_ม.ค._-_ธ..xlsx,8dfeefbc510463770f246b420463f363183211ebfbc1d1a880be75d58b7562ac,year_blocks; sheet=Sheet1; year_row=4; header_row=5; total_row=116,,15.14819361209967,11.22830859389492,3261257,same month previous year,Dec,,
2025,1,2025-01-01,3709102,13676,12,สถิตินักท่องเที่ยวชาวต่างชาติที่เดินทางเข้าประเทศไทย ม.ค. - ธ.ค. ปี 2568 (เบื้องต้น) (International Tourist Arrivals to Thailand Jan - Dec 2025P),2026-01-06T09:43:49.402Z,https://www.mots.go.th/news/category/806,https://www.mots.go.th/images/v2022_875a5789-3bcc-4700-bf55-b86fa7f1053c.xlsx,work\cache\source_files\2025_806_13676_สถ_ต_น_กท_องเท_ยวชาวต_างชาต_ท_เด_นทางเข_าประเทศไทย_ม.ค._-_ธ..xlsx,8dfeefbc510463770f246b420463f363183211ebfbc1d1a880be75d58b7562ac,year_blocks; sheet=Sheet1; year_row=4; header_row=5; total_row=116,3035296,2.2512013289809563,22.19902111688612,3035296,same month previous year,Jan,,
2025,2,2025-02-01,3119445,13676,12,สถิตินักท่องเที่ยวชาวต่างชาติที่เดินทางเข้าประเทศไทย ม.ค. - ธ.ค. ปี 2568 (เบื้องต้น) (International Tourist Arrivals to Thailand Jan - Dec 2025P),2026-01-06T09:43:49.402Z,https://www.mots.go.th/news/category/806,https://www.mots.go.th/images/v2022_875a5789-3bcc-4700-bf55-b86fa7f1053c.xlsx,work\cache\source_files\2025_806_13676_สถ_ต_น_กท_องเท_ยวชาวต_างชาต_ท_เด_นทางเข_าประเทศไทย_ม.ค._-_ธ..xlsx,8dfeefbc510463770f246b420463f363183211ebfbc1d1a880be75d58b7562ac,year_blocks; sheet=Sheet1; year_row=4; header_row=5; total_row=116,3352302,-15.897567659233957,-6.946182056389905,3352302,same month previous year,Feb,,
2025,3,2025-03-01,2720457,13676,12,สถิตินักท่องเที่ยวชาวต่างชาติที่เดินทางเข้าประเทศไทย ม.ค. - ธ.ค. ปี 2568 (เบื้องต้น) (International Tourist Arrivals to Thailand Jan - Dec 2025P),2026-01-06T09:43:49.402Z,https://www.mots.go.th/news/category/806,https://www.mots.go.th/images/v2022_875a5789-3bcc-4700-bf55-b86fa7f1053c.xlsx,work\cache\source_files\2025_806_13676_สถ_ต_น_กท_องเท_ยวชาวต_างชาต_ท_เด_นทางเข_าประเทศไทย_ม.ค._-_ธ..xlsx,8dfeefbc510463770f246b420463f363183211ebfbc1d1a880be75d58b7562ac,year_blocks; sheet=Sheet1; year_row=4; header_row=5; total_row=116,2982721,-12.790352129946193,-8.792776796757051,2982721,same month previous year,Mar,,
2025,4,2025-04-01,2547116,13676,12,สถิตินักท่องเที่ยวชาวต่างชาติที่เดินทางเข้าประเทศไทย ม.ค. - ธ.ค. ปี 2568 (เบื้องต้น) (International Tourist Arrivals to Thailand Jan - Dec 2025P),2026-01-06T09:43:49.402Z,https://www.mots.go.th/news/category/806,https://www.mots.go.th/images/v2022_875a5789-3bcc-4700-bf55-b86fa7f1053c.xlsx,work\cache\source_files\2025_806_13676_สถ_ต_น_กท_องเท_ยวชาวต_างชาต_ท_เด_นทางเข_าประเทศไทย_ม.ค._-_ธ..xlsx,8dfeefbc510463770f246b420463f363183211ebfbc1d1a880be75d58b7562ac,year_blocks; sheet=Sheet1; year_row=4; header_row=5; total_row=116,2757128,-6.371760332914656,-7.617056589320481,2757128,same month previous year,Apr,,
2025,5,2025-05-01,2266574,13676,12,สถิตินักท่องเที่ยวชาวต่างชาติที่เดินทางเข้าประเทศไทย ม.ค. - ธ.ค. ปี 2568 (เบื้องต้น) (International Tourist Arrivals to Thailand Jan - Dec 2025P),2026-01-06T09:43:49.402Z,https://www.mots.go.th/news/category/806,https://www.mots.go.th/images/v2022_875a5789-3bcc-4700-bf55-b86fa7f1053c.xlsx,work\cache\source_files\2025_806_13676_สถ_ต_น_กท_องเท_ยวชาวต_างชาต_ท_เด_นทางเข_าประเทศไทย_ม.ค._-_ธ..xlsx,8dfeefbc510463770f246b420463f363183211ebfbc1d1a880be75d58b7562ac,year_blocks; sheet=Sheet1; year_row=4; header_row=5; total_row=116,2633464,-11.014103794252005,-13.931840344124701,2633464,same month previous year,May,,
2025,6,2025-06-01,2322775,13676,12,สถิตินักท่องเที่ยวชาวต่างชาติที่เดินทางเข้าประเทศไทย ม.ค. - ธ.ค. ปี 2568 (เบื้องต้น) (International Tourist Arrivals to Thailand Jan - Dec 2025P),2026-01-06T09:43:49.402Z,https://www.mots.go.th/news/category/806,https://www.mots.go.th/images/v2022_875a5789-3bcc-4700-bf55-b86fa7f1053c.xlsx,work\cache\source_files\2025_806_13676_สถ_ต_น_กท_องเท_ยวชาวต_างชาต_ท_เด_นทางเข_าประเทศไทย_ม.ค._-_ธ..xlsx,8dfeefbc510463770f246b420463f363183211ebfbc1d1a880be75d58b7562ac,year_blocks; sheet=Sheet1; year_row=4; header_row=5; total_row=116,2740372,2.479557252487674,-15.238697519898759,2740372,same month previous year,Jun,,
2025,7,2025-07-01,2610369,13676,12,สถิตินักท่องเที่ยวชาวต่างชาติที่เดินทางเข้าประเทศไทย ม.ค. - ธ.ค. ปี 2568 (เบื้องต้น) (International Tourist Arrivals to Thailand Jan - Dec 2025P),2026-01-06T09:43:49.402Z,https://www.mots.go.th/news/category/806,https://www.mots.go.th/images/v2022_875a5789-3bcc-4700-bf55-b86fa7f1053c.xlsx,work\cache\source_files\2025_806_13676_สถ_ต_น_กท_องเท_ยวชาวต_างชาต_ท_เด_นทางเข_าประเทศไทย_ม.ค._-_ธ..xlsx,8dfeefbc510463770f246b420463f363183211ebfbc1d1a880be75d58b7562ac,year_blocks; sheet=Sheet1; year_row=4; header_row=5; total_row=116,3103420,12.381483355038704,-15.887343640242058,3103420,same month previous year,Jul,,
2025,8,2025-08-01,2583638,13676,12,สถิตินักท่องเที่ยวชาวต่างชาติที่เดินทางเข้าประเทศไทย ม.ค. - ธ.ค. ปี 2568 (เบื้องต้น) (International Tourist Arrivals to Thailand Jan - Dec 2025P),2026-01-06T09:43:49.402Z,https://www.mots.go.th/news/category/806,https://www.mots.go.th/images/v2022_875a5789-3bcc-4700-bf55-b86fa7f1053c.xlsx,work\cache\source_files\2025_806_13676_สถ_ต_น_กท_องเท_ยวชาวต_างชาต_ท_เด_นทางเข_าประเทศไทย_ม.ค._-_ธ..xlsx,8dfeefbc510463770f246b420463f363183211ebfbc1d1a880be75d58b7562ac,year_blocks; sheet=Sheet1; year_row=4; header_row=5; total_row=116,2963148,-1.0240314683479634,-12.80766266146679,2963148,same month previous year,Aug,,
2025,9,2025-09-01,2235852,13676,12,สถิตินักท่องเที่ยวชาวต่างชาติที่เดินทางเข้าประเทศไทย ม.ค. - ธ.ค. ปี 2568 (เบื้องต้น) (International Tourist Arrivals to Thailand Jan - Dec 2025P),2026-01-06T09:43:49.402Z,https://www.mots.go.th/news/category/806,https://www.mots.go.th/images/v2022_875a5789-3bcc-4700-bf55-b86fa7f1053c.xlsx,work\cache\source_files\2025_806_13676_สถ_ต_น_กท_องเท_ยวชาวต_างชาต_ท_เด_นทางเข_าประเทศไทย_ม.ค._-_ธ..xlsx,8dfeefbc510463770f246b420463f363183211ebfbc1d1a880be75d58b7562ac,year_blocks; sheet=Sheet1; year_row=4; header_row=5; total_row=116,2521005,-13.46109633005862,-11.311084269963768,2521005,same month previous year,Sep,,
2025,10,2025-10-01,2573743,13676,12,สถิตินักท่องเที่ยวชาวต่างชาติที่เดินทางเข้าประเทศไทย ม.ค. - ธ.ค. ปี 2568 (เบื้องต้น) (International Tourist Arrivals to Thailand Jan - Dec 2025P),2026-01-06T09:43:49.402Z,https://www.mots.go.th/news/category/806,https://www.mots.go.th/images/v2022_875a5789-3bcc-4700-bf55-b86fa7f1053c.xlsx,work\cache\source_files\2025_806_13676_สถ_ต_น_กท_องเท_ยวชาวต_างชาต_ท_เด_นทางเข_าประเทศไทย_ม.ค._-_ธ..xlsx,8dfeefbc510463770f246b420463f363183211ebfbc1d1a880be75d58b7562ac,year_blocks; sheet=Sheet1; year_row=4; header_row=5; total_row=116,2679180,15.11240457776275,-3.9354205391201824,2679180,same month previous year,Oct,,
2025,11,2025-11-01,2914810,13676,12,สถิตินักท่องเที่ยวชาวต่างชาติที่เดินทางเข้าประเทศไทย ม.ค. - ธ.ค. ปี 2568 (เบื้องต้น) (International Tourist Arrivals to Thailand Jan - Dec 2025P),2026-01-06T09:43:49.402Z,https://www.mots.go.th/news/category/806,https://www.mots.go.th/images/v2022_875a5789-3bcc-4700-bf55-b86fa7f1053c.xlsx,work\cache\source_files\2025_806_13676_สถ_ต_น_กท_องเท_ยวชาวต_างชาต_ท_เด_นทางเข_าประเทศไทย_ม.ค._-_ธ..xlsx,8dfeefbc510463770f246b420463f363183211ebfbc1d1a880be75d58b7562ac,year_blocks; sheet=Sheet1; year_row=4; header_row=5; total_row=116,3150237,13.251789320068097,-7.4733107382079496,3150237,same month previous year,Nov,,
2025,12,2025-12-01,3370440,13676,12,สถิตินักท่องเที่ยวชาวต่างชาติที่เดินทางเข้าประเทศไทย ม.ค. - ธ.ค. ปี 2568 (เบื้องต้น) (International Tourist Arrivals to Thailand Jan - Dec 2025P),2026-01-06T09:43:49.402Z,https://www.mots.go.th/news/category/806,https://www.mots.go.th/images/v2022_875a5789-3bcc-4700-bf55-b86fa7f1053c.xlsx,work\cache\source_files\2025_806_13676_สถ_ต_น_กท_องเท_ยวชาวต_างชาต_ท_เด_นทางเข_าประเทศไทย_ม.ค._-_ธ..xlsx,8dfeefbc510463770f246b420463f363183211ebfbc1d1a880be75d58b7562ac,year_blocks; sheet=Sheet1; year_row=4; header_row=5; total_row=116,3627441,15.63155059849528,-7.084911925514437,3627441,same month previous year,Dec,,
2026,1,2026-01-01,3277908,14403,8,สถิตินักท่องเที่ยวชาวต่างชาติที่เดินทางเข้าประเทศไทย ปี 2569 (เบื้องต้น) (International Tourist Arrivals to Thailand Aug 2026P),2026-09-01T08:14:35.032Z,https://www.mots.go.th/news/category/817,https://www.mots.go.th/images/v2022_4af82e44-6882-43ad-96e5-dcec7426b468.xlsx,work\cache\source_files\2026_817_14403_สถ_ต_น_กท_องเท_ยวชาวต_างชาต_ท_เด_นทางเข_าประเทศไทย_ป_2569_เบ.xlsx,2512bc4ce53292cda37b5f04cf07717d03a52b7732da0483cae2f686aaa98d01,year_blocks; sheet=จำนวน 69; year_row=4; header_row=5; total_row=116,3709102,-2.745398226937734,-11.625293669465009,3709102,same month previous year,Jan,,
2026,2,2026-02-01,3263802,14403,8,สถิตินักท่องเที่ยวชาวต่างชาติที่เดินทางเข้าประเทศไทย ปี 2569 (เบื้องต้น) (International Tourist Arrivals to Thailand Aug 2026P),2026-09-01T08:14:35.032Z,https://www.mots.go.th/news/category/817,https://www.mots.go.th/images/v2022_4af82e44-6882-43ad-96e5-dcec7426b468.xlsx,work\cache\source_files\2026_817_14403_สถ_ต_น_กท_องเท_ยวชาวต_างชาต_ท_เด_นทางเข_าประเทศไทย_ป_2569_เบ.xlsx,2512bc4ce53292cda37b5f04cf07717d03a52b7732da0483cae2f686aaa98d01,year_blocks; sheet=จำนวน 69; year_row=4; header_row=5; total_row=116,3119445,-0.43033544565619364,4.627650110837034,3119445,same month previous year,Feb,,
2026,3,2026-03-01,2775199,14403,8,สถิตินักท่องเที่ยวชาวต่างชาติที่เดินทางเข้าประเทศไทย ปี 2569 (เบื้องต้น) (International Tourist Arrivals to Thailand Aug 2026P),2026-09-01T08:14:35.032Z,https://www.mots.go.th/news/category/817,https://www.mots.go.th/images/v2022_4af82e44-6882-43ad-96e5-dcec7426b468.xlsx,work\cache\source_files\2026_817_14403_สถ_ต_น_กท_องเท_ยวชาวต_างชาต_ท_เด_นทางเข_าประเทศไทย_ป_2569_เบ.xlsx,2512bc4ce53292cda37b5f04cf07717d03a52b7732da0483cae2f686aaa98d01,year_blocks; sheet=จำนวน 69; year_row=4; header_row=5; total_row=116,2720457,-14.970362785487602,2.012235444265431,2720457,same month previous year,Mar,,
2026,4,2026-04-01,2368895,14403,8,สถิตินักท่องเที่ยวชาวต่างชาติที่เดินทางเข้าประเทศไทย ปี 2569 (เบื้องต้น) (International Tourist Arrivals to Thailand Aug 2026P),2026-09-01T08:14:35.032Z,https://www.mots.go.th/news/category/817,https://www.mots.go.th/images/v2022_4af82e44-6882-43ad-96e5-dcec7426b468.xlsx,work\cache\source_files\2026_817_14403_สถ_ต_น_กท_องเท_ยวชาวต_างชาต_ท_เด_นทางเข_าประเทศไทย_ป_2569_เบ.xlsx,2512bc4ce53292cda37b5f04cf07717d03a52b7732da0483cae2f686aaa98d01,year_blocks; sheet=จำนวน 69; year_row=4; header_row=5; total_row=116,2547116,-14.640535687711044,-6.996972261962153,2547116,same month previous year,Apr,,
2026,5,2026-05-01,2346845,14403,8,สถิตินักท่องเที่ยวชาวต่างชาติที่เดินทางเข้าประเทศไทย ปี 2569 (เบื้องต้น) (International Tourist Arrivals to Thailand Aug 2026P),2026-09-01T08:14:35.032Z,https://www.mots.go.th/news/category/817,https://www.mots.go.th/images/v2022_4af82e44-6882-43ad-96e5-dcec7426b468.xlsx,work\cache\source_files\2026_817_14403_สถ_ต_น_กท_องเท_ยวชาวต_างชาต_ท_เด_นทางเข_าประเทศไทย_ป_2569_เบ.xlsx,2512bc4ce53292cda37b5f04cf07717d03a52b7732da0483cae2f686aaa98d01,year_blocks; sheet=จำนวน 69; year_row=4; header_row=5; total_row=116,2266574,-0.9308137338294831,3.5415124324200242,2266574,same month previous year,May,,
2026,6,2026-06-01,1841551,14403,8,สถิตินักท่องเที่ยวชาวต่างชาติที่เดินทางเข้าประเทศไทย ปี 2569 (เบื้องต้น) (International Tourist Arrivals to Thailand Aug 2026P),2026-09-01T08:14:35.032Z,https://www.mots.go.th/news/category/817,https://www.mots.go.th/images/v2022_4af82e44-6882-43ad-96e5-dcec7426b468.xlsx,work\cache\source_files\2026_817_14403_สถ_ต_น_กท_องเท_ยวชาวต_างชาต_ท_เด_นทางเข_าประเทศไทย_ป_2569_เบ.xlsx,2512bc4ce53292cda37b5f04cf07717d03a52b7732da0483cae2f686aaa98d01,year_blocks; sheet=จำนวน 69; year_row=4; header_row=5; total_row=116,2042752,-21.530778555890993,-9.849506939657871,2042752,MOTS same-coverage comparison,Jun,4,Jun (-4): เนื่องจากระบบจัดเก็บข้อมูลสถิตินักท่องเที่ยวชาวต่างชาติขัดข้องในช่วงวันที่ 22 - 25 มิถุนายน 2569
2026,7,2026-07-01,2545616,14403,8,สถิตินักท่องเที่ยวชาวต่างชาติที่เดินทางเข้าประเทศไทย ปี 2569 (เบื้องต้น) (International Tourist Arrivals to Thailand Aug 2026P),2026-09-01T08:14:35.032Z,https://www.mots.go.th/news/category/817,https://www.mots.go.th/images/v2022_4af82e44-6882-43ad-96e5-dcec7426b468.xlsx,work\cache\source_files\2026_817_14403_สถ_ต_น_กท_องเท_ยวชาวต_างชาต_ท_เด_นทางเข_าประเทศไทย_ป_2569_เบ.xlsx,2512bc4ce53292cda37b5f04cf07717d03a52b7732da0483cae2f686aaa98d01,year_blocks; sheet=จำนวน 69; year_row=4; header_row=5; total_row=116,2610369,38.2321749438381,-2.480607147878322,2610369,same month previous year,Jul,,
2026,8,2026-08-01,2515319,14403,8,สถิตินักท่องเที่ยวชาวต่างชาติที่เดินทางเข้าประเทศไทย ปี 2569 (เบื้องต้น) (International Tourist Arrivals to Thailand Aug 2026P),2026-09-01T08:14:35.032Z,https://www.mots.go.th/news/category/817,https://www.mots.go.th/images/v2022_4af82e44-6882-43ad-96e5-dcec7426b468.xlsx,work\cache\source_files\2026_817_14403_สถ_ต_น_กท_องเท_ยวชาวต_างชาต_ท_เด_นทางเข_าประเทศไทย_ป_2569_เบ.xlsx,2512bc4ce53292cda37b5f04cf07717d03a52b7732da0483cae2f686aaa98d01,year_blocks; sheet=จำนวน 69; year_row=4; header_row=5; total_row=116,2583638,-1.1901637953249833,-2.6442945954502917,2583638,same month previous year,Aug,,
